/*
SQLyog  v12.2.6 (64 bit)
MySQL - 5.7.20-log : Database - nin_rou
*********************************************************************
*/

/*!40101 SET NAMES utf8 */;

/*!40101 SET SQL_MODE=''*/;

/*!40014 SET @OLD_UNIQUE_CHECKS=@@UNIQUE_CHECKS, UNIQUE_CHECKS=0 */;
/*!40014 SET @OLD_FOREIGN_KEY_CHECKS=@@FOREIGN_KEY_CHECKS, FOREIGN_KEY_CHECKS=0 */;
/*!40101 SET @OLD_SQL_MODE=@@SQL_MODE, SQL_MODE='NO_AUTO_VALUE_ON_ZERO' */;
/*!40111 SET @OLD_SQL_NOTES=@@SQL_NOTES, SQL_NOTES=0 */;
CREATE DATABASE /*!32312 IF NOT EXISTS*/`nin_rou` /*!40100 DEFAULT CHARACTER SET utf8 */;

USE `nin_rou`;

/*Table structure for table `rou_bill` */

DROP TABLE IF EXISTS `rou_bill`;

CREATE TABLE `rou_bill` (
  `bill_id` int(11) unsigned NOT NULL AUTO_INCREMENT COMMENT '单据表id',
  `serial_num` varchar(20) NOT NULL DEFAULT '' COMMENT '流水单号(单据类型编码+时间戳)',
  `bill_type_code` tinyint(4) unsigned NOT NULL DEFAULT '0' COMMENT '单据类型编码（入库0\\领用2\\归还4）',
  `amount` int(11) unsigned NOT NULL DEFAULT '0' COMMENT '单据各费用合计(分）',
  `proposer_id` int(11) unsigned NOT NULL DEFAULT '0' COMMENT '（该单据的）申请人id',
  `mark` varchar(200) DEFAULT '' COMMENT '备注',
  `state` tinyint(4) NOT NULL DEFAULT '0' COMMENT '状态（是否确认）',
  `del` tinyint(4) NOT NULL DEFAULT '0' COMMENT '是否删除(逻辑删除)',
  `modifier_id` int(11) unsigned NOT NULL DEFAULT '0' COMMENT '审核人id',
  `modify_time` timestamp NOT NULL DEFAULT CURRENT_TIMESTAMP ON UPDATE CURRENT_TIMESTAMP COMMENT '修改时间',
  `creator_id` int(11) unsigned NOT NULL DEFAULT '0' COMMENT '创建人id',
  `create_time` timestamp NOT NULL DEFAULT CURRENT_TIMESTAMP COMMENT '单据创建时间',
  PRIMARY KEY (`bill_id`),
  UNIQUE KEY `uk_serial_num` (`serial_num`) USING BTREE,
  KEY `ix_bill_type_code` (`bill_type_code`)
) ENGINE=InnoDB AUTO_INCREMENT=59 DEFAULT CHARSET=utf8 COMMENT='单据表';

/*Data for the table `rou_bill` */

insert  into `rou_bill`(`bill_id`,`serial_num`,`bill_type_code`,`amount`,`proposer_id`,`mark`,`state`,`del`,`modifier_id`,`modify_time`,`creator_id`,`create_time`) values 
(1,'thd20180409163058589',4,211,1,'',1,0,38,'2018-04-09 16:34:35',1,'2018-04-09 16:31:09'),
(2,'lyd20180409193915616',2,211,38,'备注阿萨德',1,0,38,'2018-04-09 19:39:33',38,'2018-04-09 19:39:27'),
(3,'lyd20180409194207111',2,2321,1,'',1,0,38,'2018-04-09 19:42:32',1,'2018-04-09 19:42:16'),
(4,'rkd20180410091002127',0,2321,224,'备注补货',1,0,224,'2018-04-10 09:10:16',224,'2018-04-10 09:10:16'),
(5,'lyd20180410095910029',2,150022,224,'实习组敬上',1,0,224,'2018-04-10 10:00:09',224,'2018-04-10 09:59:54'),
(6,'lyd20180410110012628',2,3000,224,'送了送了',2,0,224,'2018-04-10 11:24:22',224,'2018-04-10 11:00:39'),
(7,'rkd20180410110404651',0,450000,224,'电脑啊。。。。',1,0,224,'2018-04-10 11:05:38',224,'2018-04-10 11:05:38'),
(8,'lyd20180410110542836',2,2400,224,'自用',1,0,224,'2018-04-10 11:24:19',224,'2018-04-10 11:07:42'),
(9,'rkd20180410112500270',0,400,224,'',1,0,224,'2018-04-10 11:25:06',224,'2018-04-10 11:25:06'),
(10,'rkd20180410112509296',0,200,224,'',1,0,224,'2018-04-10 11:25:14',224,'2018-04-10 11:25:14'),
(11,'rkd20180410112530829',0,400,224,'',1,0,224,'2018-04-10 11:25:42',224,'2018-04-10 11:25:42'),
(12,'lyd20180410112547238',2,200,224,'',1,0,224,'2018-04-10 11:25:59',224,'2018-04-10 11:25:52'),
(13,'lyd20180410112755743',2,150444,224,'送 自用',1,0,224,'2018-04-10 11:28:30',224,'2018-04-10 11:28:16'),
(14,'rkd20180410112845170',0,833,224,'',1,0,224,'2018-04-10 11:28:59',224,'2018-04-10 11:28:59'),
(15,'lyd20180410113004528',2,622,1,'TEST',1,0,224,'2018-04-11 15:04:47',1,'2018-04-10 11:30:24'),
(16,'thd20180410113027312',4,422,1,'还之前借的',1,0,224,'2018-04-11 15:41:58',1,'2018-04-10 11:30:47'),
(17,'lyd20180410143117632',2,422,224,'',1,0,224,'2018-04-10 14:31:33',224,'2018-04-10 14:31:27'),
(18,'lyd20180410165233370',2,211,1,'',1,0,224,'2018-04-12 17:48:58',1,'2018-04-10 16:52:51'),
(19,'lyd20180410165252256',2,211,1,'',1,0,224,'2018-04-12 17:39:13',1,'2018-04-10 16:53:17'),
(20,'lyd20180410165318557',2,422,1,'',1,0,224,'2018-04-12 17:15:59',1,'2018-04-10 16:53:39'),
(21,'lyd20180411094301406',2,3100,699,'602厕所',1,0,224,'2018-04-12 14:34:39',699,'2018-04-11 09:44:39'),
(22,'lyd20180411101217362',2,422,224,'',0,1,224,'2018-04-11 10:25:44',224,'2018-04-11 10:17:15'),
(23,'lyd20180412112341973',2,150233,224,'备注\n                            ',1,0,224,'2018-04-12 11:24:27',224,'2018-04-12 11:24:03'),
(24,'thd20180412112512870',4,150022,224,'备注里的测试                            ',1,0,224,'2018-04-12 11:26:02',224,'2018-04-12 11:25:52'),
(25,'rkd20180412135058119',0,150444,224,'                            ',1,0,224,'2018-04-13 11:41:30',224,'2018-04-12 13:58:05'),
(26,'rkd20180412135908361',0,200,224,'                            ',2,0,224,'2018-04-13 13:52:38',224,'2018-04-12 13:59:25'),
(27,'lyd20180412140325359',2,3422,224,'                            ',1,0,224,'2018-04-12 14:04:00',224,'2018-04-12 14:03:51'),
(28,'rkd20180412140404542',0,1266,224,'                            ',1,0,224,'2018-04-13 13:52:32',224,'2018-04-12 14:04:14'),
(29,'rkd20180412143446712',0,211000,224,'                            ',1,0,224,'2018-04-13 13:52:21',224,'2018-04-12 14:34:57'),
(30,'lyd20180412171435640',2,2110,224,'                            ',1,0,224,'2018-04-12 17:15:19',224,'2018-04-12 17:15:07'),
(31,'lyd20180412171525781',2,600,224,'                            ',1,0,224,'2018-04-12 17:15:47',224,'2018-04-12 17:15:41'),
(32,'rkd20180412173312833',0,211,224,'                            ',1,0,224,'2018-04-12 17:33:29',224,'2018-04-12 17:33:19'),
(33,'thd20180412173800457',4,422,224,'                            ',1,0,224,'2018-04-12 17:38:21',224,'2018-04-12 17:38:10'),
(34,'rkd20180412173920574',0,422,224,'                            ',1,0,224,'2018-04-12 17:39:49',224,'2018-04-12 17:39:32'),
(35,'lyd20180412174031416',2,4400,224,'                            ',1,0,224,'2018-04-12 17:41:00',224,'2018-04-12 17:40:48'),
(36,'thd20180412174107728',4,4600,224,'                            ',1,0,224,'2018-04-12 17:41:50',224,'2018-04-12 17:41:42'),
(37,'thd20180412180401248',4,2921,224,'测啊',1,0,224,'2018-04-12 18:05:31',224,'2018-04-12 18:05:00'),
(38,'rkd20180412180535346',0,633,224,'111',1,0,224,'2018-04-12 18:05:57',224,'2018-04-12 18:05:50'),
(39,'rkd20180412181040094',0,22200,224,'',1,0,224,'2018-04-13 11:41:57',224,'2018-04-12 18:11:36'),
(40,'rkd20180413090334038',0,2110,224,'有归属',2,0,224,'2018-04-13 12:31:39',224,'2018-04-13 09:04:18'),
(41,'lyd20180413104215562',2,422,1,'阿萨德',2,0,224,'2018-04-13 13:52:36',1,'2018-04-13 10:42:37'),
(42,'lyd20180413111230659',2,90000,224,'啊啊啊啊',1,0,224,'2018-04-13 12:00:53',224,'2018-04-13 11:12:45'),
(43,'lyd20180413135616502',2,150022,224,'',1,0,224,'2018-04-13 17:11:05',224,'2018-04-13 13:56:25'),
(44,'lyd20180413141934095',2,400,1,'啊',1,0,224,'2018-04-13 17:11:11',1,'2018-04-13 14:19:48'),
(45,'lyd20180413141949522',2,211,1,'混搭',0,0,1,'2018-04-13 14:20:33',1,'2018-04-13 14:20:19'),
(46,'lyd20180413144054374',2,4620,1,'',0,0,1,'2018-04-13 14:41:25',1,'2018-04-13 14:41:25'),
(47,'lyd20180413152604084',2,299899,224,'',0,0,224,'2018-04-13 15:26:34',224,'2018-04-13 15:26:34'),
(48,'lyd20180413153222640',2,299899,224,'',0,0,224,'2018-04-13 15:32:47',224,'2018-04-13 15:32:47'),
(49,'lyd20180413153815726',2,150022,224,'',0,0,224,'2018-04-13 15:38:29',224,'2018-04-13 15:38:29'),
(50,'lyd20180413171021451',2,66000,224,'',1,0,224,'2018-04-13 17:11:45',224,'2018-04-13 17:10:43'),
(51,'lyd20180413171044763',2,422,224,'',0,0,224,'2018-04-13 17:10:54',224,'2018-04-13 17:10:54'),
(52,'lyd20180413171115237',2,6000,224,'',0,0,224,'2018-04-13 17:11:31',224,'2018-04-13 17:11:31'),
(53,'lyd20180416150035902',2,599798,224,'',1,0,1,'2018-04-17 16:24:12',224,'2018-04-16 15:01:01'),
(54,'lyd20180417162316818',2,4400,1,'科科',0,0,1,'2018-04-17 16:23:34',1,'2018-04-17 16:23:34'),
(55,'lyd20180417162335644',2,9495,1,'',1,0,1,'2018-04-17 16:24:09',1,'2018-04-17 16:23:51'),
(56,'lyd20180418114902892',2,3000,38,'TEST',0,0,38,'2018-04-18 11:49:22',38,'2018-04-18 11:49:22'),
(57,'lyd20180418135845684',2,599798,1,'要送的',0,0,1,'2018-04-18 13:59:16',1,'2018-04-18 13:59:16'),
(58,'lyd20180418135932898',2,90000,1,'客户直接默认好了',2,0,224,'2018-04-23 09:50:12',1,'2018-04-18 14:00:01');

/*Table structure for table `rou_department` */

DROP TABLE IF EXISTS `rou_department`;

CREATE TABLE `rou_department` (
  `department_id` int(11) unsigned NOT NULL AUTO_INCREMENT COMMENT '部门id',
  `department_name` varchar(64) NOT NULL DEFAULT '' COMMENT '部门名',
  `department_code` varchar(32) NOT NULL DEFAULT '' COMMENT '部门编码',
  `manager_id` int(11) unsigned NOT NULL DEFAULT '0' COMMENT '部门经理',
  `architector_id` int(11) unsigned DEFAULT '0' COMMENT '架构师（技术经理）id',
  `parent_id` int(11) unsigned NOT NULL DEFAULT '0' COMMENT '父级部门id',
  `del` tinyint(4) NOT NULL DEFAULT '0' COMMENT '逻辑删除',
  `modifier_id` int(11) unsigned NOT NULL DEFAULT '0' COMMENT '修改人',
  `modify_time` timestamp NOT NULL DEFAULT CURRENT_TIMESTAMP ON UPDATE CURRENT_TIMESTAMP COMMENT '修改时间',
  `creator_id` int(11) unsigned NOT NULL DEFAULT '0' COMMENT '创建人id',
  `create_time` timestamp NOT NULL DEFAULT CURRENT_TIMESTAMP COMMENT '创建时间',
  PRIMARY KEY (`department_id`),
  UNIQUE KEY `uk_department_code` (`department_code`) USING BTREE,
  UNIQUE KEY `uk_department_name` (`department_name`)
) ENGINE=InnoDB AUTO_INCREMENT=61 DEFAULT CHARSET=utf8 COMMENT='部门表';

/*Data for the table `rou_department` */

insert  into `rou_department`(`department_id`,`department_name`,`department_code`,`manager_id`,`architector_id`,`parent_id`,`del`,`modifier_id`,`modify_time`,`creator_id`,`create_time`) values 
(1,'产品研发一部','N05G',86,0,0,0,1,'2018-04-03 12:58:02',1,'2018-03-27 09:45:23'),
(2,'总裁办','N11',474,2,0,0,224,'2018-04-13 20:06:31',1,'2018-03-27 10:34:36'),
(3,'产品研发二部','N05H',79,0,0,0,2,'2018-04-03 13:00:26',1,'2018-03-27 13:38:33'),
(4,'研发一部一组','N0501G',239,0,1,0,1,'2018-04-18 11:39:44',1,'2018-03-29 10:57:21'),
(5,'研发二部一组','N0501H',630,0,3,0,1,'2018-04-03 13:03:15',1,'2018-04-02 09:45:03'),
(6,'研发一部二组','N0502G',69,0,1,0,1,'2018-04-09 11:47:41',1,'2018-04-02 10:05:04'),
(7,'研发一部三组','N0503G',60,0,1,0,1,'2018-04-04 17:09:53',1,'2018-04-02 10:06:07'),
(8,'研发一部四组','N0504G',227,0,1,0,224,'2018-04-16 09:52:05',1,'2018-04-02 10:06:23'),
(9,'研发一部五组','N0505G',137,0,1,0,1,'2018-04-03 13:04:42',1,'2018-04-02 10:07:08'),
(10,'研发一部六组','N0506G',359,0,1,0,1,'2018-04-03 13:04:57',1,'2018-04-02 10:07:20'),
(11,'研发一部七组','N0507G',70,0,1,0,1,'2018-04-09 11:50:14',1,'2018-04-02 10:07:30'),
(14,'研发二部二组','N0502H',356,0,3,0,1,'2018-04-03 13:05:49',1,'2018-04-02 10:08:59'),
(17,'研发二部三组','N0503H',59,0,3,0,224,'2018-04-11 20:40:52',1,'2018-04-02 10:09:07'),
(19,'研发二部四组','N0504H',78,0,3,0,1,'2018-04-03 13:06:26',1,'2018-04-02 10:09:20'),
(23,'研发二部五组','N0505H',399,0,3,0,1,'2018-04-03 13:07:01',1,'2018-04-02 10:09:55'),
(24,'研发二部六组','N0506H',425,0,3,0,1,'2018-04-18 11:42:14',1,'2018-04-02 10:10:10'),
(25,'研发二部七组','N0507H',91,0,3,0,1,'2018-04-03 13:07:53',1,'2018-04-02 10:10:24'),
(26,'研发二部八组','N0508H',274,0,3,0,1,'2018-04-03 13:08:16',1,'2018-04-02 10:10:28'),
(46,'院校销售部','N0302',40,0,0,0,1,'2018-04-18 11:19:29',1,'2018-04-04 11:41:41'),
(47,'财务管理部','N12',701,0,0,0,1,'2018-04-18 10:44:16',1,'2018-04-04 11:43:20'),
(48,'企业管理部','N02',163,0,0,0,1,'2018-04-04 11:56:08',1,'2018-04-04 11:56:08'),
(52,'人力发展部','N0205',269,0,48,0,1,'2018-04-04 16:01:43',1,'2018-04-04 16:01:35'),
(53,'综合管理部','N0201',48,0,48,0,1,'2018-04-08 09:22:54',1,'2018-04-04 16:03:19'),
(54,'财务部','N1201',608,0,47,0,1,'2018-04-18 10:44:59',1,'2018-04-04 16:04:15'),
(55,'院校运营部','N0303',72,0,0,0,1,'2018-04-04 16:14:17',1,'2018-04-04 16:14:17'),
(56,'方案策划部','N03031',186,0,55,0,1,'2018-04-04 16:15:16',1,'2018-04-04 16:15:16'),
(57,'项目管理部','N03032',268,0,55,0,1,'2018-04-04 16:16:47',1,'2018-04-04 16:16:01'),
(58,'市场支持部','N03033',130,0,55,0,1,'2018-04-04 16:16:32',1,'2018-04-04 16:16:32'),
(59,'软件实习组','NNNNN',482,0,0,1,224,'2018-04-11 18:58:14',224,'2018-04-11 09:23:13'),
(60,'网中网工会','TU',702,0,0,0,1,'2018-04-18 11:03:02',1,'2018-04-18 11:03:02');

/*Table structure for table `rou_expense` */

DROP TABLE IF EXISTS `rou_expense`;

CREATE TABLE `rou_expense` (
  `expense_id` int(11) unsigned NOT NULL AUTO_INCREMENT COMMENT '费用单项id',
  `bill_id` int(11) unsigned NOT NULL DEFAULT '0' COMMENT '单据id',
  `ware_id` int(11) unsigned NOT NULL DEFAULT '0' COMMENT '物品id',
  `ware_name` varchar(64) NOT NULL DEFAULT '' COMMENT '物品名称',
  `ware_item_name` varchar(64) NOT NULL DEFAULT '' COMMENT '物品类别名称',
  `belonger_id` int(11) unsigned NOT NULL DEFAULT '0' COMMENT '费用归属人id',
  `subtotal` int(11) unsigned NOT NULL DEFAULT '0' COMMENT '小计（分）',
  `num` int(11) unsigned NOT NULL DEFAULT '0' COMMENT '数量',
  `customer` varchar(64) DEFAULT '' COMMENT '客户名',
  `del` tinyint(4) NOT NULL DEFAULT '0' COMMENT '是否删除',
  `modifier_id` int(11) unsigned NOT NULL DEFAULT '0' COMMENT '修改人id',
  `modify_time` timestamp NOT NULL DEFAULT CURRENT_TIMESTAMP ON UPDATE CURRENT_TIMESTAMP COMMENT '修改时间',
  `creator_id` int(11) unsigned NOT NULL DEFAULT '0' COMMENT '创建人id',
  `create_time` timestamp NOT NULL DEFAULT CURRENT_TIMESTAMP COMMENT '创建时间',
  PRIMARY KEY (`expense_id`),
  KEY `ix_ware_id` (`ware_id`)
) ENGINE=InnoDB AUTO_INCREMENT=128 DEFAULT CHARSET=utf8 COMMENT='费用单项表（单据下多个费用单项）';

/*Data for the table `rou_expense` */

insert  into `rou_expense`(`expense_id`,`bill_id`,`ware_id`,`ware_name`,`ware_item_name`,`belonger_id`,`subtotal`,`num`,`customer`,`del`,`modifier_id`,`modify_time`,`creator_id`,`create_time`) values 
(59,1,1,'笔记本','办公用品',1,211,1,'自用',0,1,'2018-04-11 18:26:11',1,'2018-04-09 16:31:10'),
(60,2,1,'笔记本','办公用品',2,211,1,'自用',0,38,'2018-04-12 11:18:34',38,'2018-04-09 19:39:27'),
(61,3,1,'笔记本','办公用品',3,2321,11,'自用',0,1,'2018-04-12 11:18:35',1,'2018-04-09 19:42:17'),
(62,4,1,'笔记本','办公用品',45,2321,11,'自用',0,224,'2018-04-12 11:18:35',224,'2018-04-10 09:10:16'),
(63,5,2,'高档白酒（茅台）','高档礼品',6,150022,1,'林月香',0,224,'2018-04-12 11:18:36',224,'2018-04-10 09:59:54'),
(64,6,3,'铁观音','礼品',78,3000,1,'林月香',0,224,'2018-04-12 11:18:37',224,'2018-04-10 11:00:39'),
(65,7,6,'特殊物品','特殊指定物品',9,450000,10,'自用',0,224,'2018-04-12 11:18:38',224,'2018-04-10 11:05:38'),
(66,8,4,'黑水笔','办公用品',11,2000,10,'自用',0,224,'2018-04-12 11:18:41',224,'2018-04-10 11:07:43'),
(67,8,4,'黑水笔','办公用品',12,400,2,'自用',0,224,'2018-04-12 11:18:42',224,'2018-04-10 11:07:43'),
(68,9,4,'黑水笔','办公用品',13,400,2,'自用',0,224,'2018-04-12 11:18:43',224,'2018-04-10 11:25:07'),
(69,10,4,'黑水笔','办公用品',1,200,1,'自用',0,224,'2018-04-11 18:26:15',224,'2018-04-10 11:25:14'),
(70,11,4,'黑水笔','办公用品',1,400,2,'自用',0,224,'2018-04-11 18:26:15',224,'2018-04-10 11:25:43'),
(71,12,4,'黑水笔','办公用品',1,200,1,'自用',0,224,'2018-04-11 18:26:17',224,'2018-04-10 11:25:52'),
(72,13,1,'笔记本','办公用品',1,422,2,'自用',0,224,'2018-04-11 18:26:17',224,'2018-04-10 11:28:17'),
(73,13,2,'高档白酒（茅台）','高档礼品',1,150022,1,'蒋雄彬',0,224,'2018-04-11 18:26:18',224,'2018-04-10 11:28:17'),
(74,14,1,'笔记本','办公用品',1,633,3,'自用',0,224,'2018-04-11 18:26:18',224,'2018-04-10 11:29:00'),
(75,14,4,'黑水笔','办公用品',1,200,1,'自用',0,224,'2018-04-11 18:26:18',224,'2018-04-10 11:29:00'),
(76,15,1,'笔记本','办公用品',1,422,2,'自用',0,1,'2018-04-11 18:26:18',1,'2018-04-10 11:30:25'),
(77,15,4,'黑水笔','办公用品',1,200,1,'自用',0,1,'2018-04-11 18:26:19',1,'2018-04-10 11:30:25'),
(78,16,1,'笔记本','办公用品',1,422,2,'自用',0,1,'2018-04-11 18:26:19',1,'2018-04-10 11:30:47'),
(79,17,1,'笔记本','办公用品',1,422,2,'自用',0,224,'2018-04-11 18:26:19',224,'2018-04-10 14:31:27'),
(80,18,1,'笔记本','办公用品',1,211,1,'自用',0,1,'2018-04-11 18:26:20',1,'2018-04-10 16:52:51'),
(81,19,1,'笔记本','办公用品',1,211,1,'自用',0,1,'2018-04-11 18:26:20',1,'2018-04-10 16:53:18'),
(82,20,1,'笔记本','办公用品',1,422,2,'自用',0,1,'2018-04-11 18:26:20',1,'2018-04-10 16:53:39'),
(83,21,7,'卷纸','公共物品',1,3100,10,'自用',0,699,'2018-04-11 18:26:20',699,'2018-04-11 09:44:40'),
(84,22,1,'笔记本','办公用品',1,211,1,'自用',1,224,'2018-04-11 18:26:20',224,'2018-04-11 10:17:16'),
(85,22,1,'笔记本','办公用品',1,422,2,'自用',0,224,'2018-04-11 18:26:21',224,'2018-04-11 10:17:16'),
(86,23,1,'笔记本','办公用品',227,211,1,'',0,224,'2018-04-12 11:24:04',224,'2018-04-12 11:24:04'),
(87,23,2,'高档白酒（茅台）','高档礼品',227,150022,1,'林月香',0,224,'2018-04-12 11:24:04',224,'2018-04-12 11:24:04'),
(88,24,2,'高档白酒（茅台）','高档礼品',227,150022,1,'林月香',0,224,'2018-04-12 11:25:52',224,'2018-04-12 11:25:52'),
(89,25,2,'高档白酒（茅台）','高档礼品',1,150022,1,'自用',0,224,'2018-04-13 11:30:33',224,'2018-04-12 13:58:06'),
(90,25,1,'笔记本','办公用品',1,1,2,'自用',0,224,'2018-04-13 11:30:41',224,'2018-04-12 13:58:06'),
(91,26,4,'黑水笔','办公用品',1,200,1,'自用',0,224,'2018-04-13 11:30:39',224,'2018-04-12 13:59:25'),
(92,27,3,'铁观音','礼品',69,3000,1,'送人',0,224,'2018-04-12 14:03:51',224,'2018-04-12 14:03:51'),
(93,27,1,'笔记本','办公用品',227,422,2,'自用',0,224,'2018-04-12 14:03:51',224,'2018-04-12 14:03:51'),
(94,28,1,'笔记本','办公用品',1,1266,6,'自用',0,224,'2018-04-12 17:37:34',224,'2018-04-12 14:04:14'),
(95,29,1,'笔记本','办公用品',1,2110,10,'自用',0,224,'2018-04-13 15:03:36',224,'2018-04-12 14:34:57'),
(96,30,1,'笔记本','办公用品',69,2110,10,'自用',0,224,'2018-04-12 17:15:07',224,'2018-04-12 17:15:07'),
(97,31,4,'黑水笔','办公用品',227,600,3,'自用',0,224,'2018-04-12 17:15:41',224,'2018-04-12 17:15:41'),
(98,32,1,'笔记本','办公用品',11,211,1,'自用',0,224,'2018-04-12 17:37:30',224,'2018-04-12 17:33:20'),
(99,33,1,'笔记本','办公用品',69,422,2,'自用',0,224,'2018-04-12 17:38:11',224,'2018-04-12 17:38:11'),
(100,34,1,'笔记本','办公用品',1,422,2,'自用',0,224,'2018-04-12 17:39:47',224,'2018-04-12 17:39:33'),
(101,35,4,'黑水笔','办公用品',227,4400,22,'自用',0,224,'2018-04-12 17:40:48',224,'2018-04-12 17:40:48'),
(102,36,4,'黑水笔','办公用品',356,4600,23,'自用',0,224,'2018-04-12 17:41:43',224,'2018-04-12 17:41:43'),
(103,37,1,'笔记本','办公用品',70,2321,11,'自用',0,224,'2018-04-12 18:05:00',224,'2018-04-12 18:05:00'),
(104,37,4,'黑水笔','办公用品',227,600,3,'自用',0,224,'2018-04-12 18:05:00',224,'2018-04-12 18:05:00'),
(105,38,1,'笔记本','办公用品',1,633,3,'自用',0,224,'2018-04-13 10:41:04',224,'2018-04-12 18:05:50'),
(106,39,4,'黑水笔','办公用品',356,22200,111,'自用',0,224,'2018-04-13 10:41:18',224,'2018-04-12 18:11:36'),
(107,40,1,'笔记本','办公用品',48,2110,10,'自用',0,224,'2018-04-13 09:04:18',224,'2018-04-13 09:04:18'),
(108,41,1,'笔记本','办公用品',399,422,2,'自用',0,1,'2018-04-13 10:45:17',1,'2018-04-13 10:42:37'),
(109,42,6,'特殊物品','特殊指定物品',227,90000,2,'自用',0,224,'2018-04-13 11:12:46',224,'2018-04-13 11:12:46'),
(110,43,2,'高档白酒（茅台）','高档礼品',70,150022,1,'自用',0,224,'2018-04-13 13:56:26',224,'2018-04-13 13:56:26'),
(111,44,4,'黑水笔','办公用品',356,400,2,'自用',0,1,'2018-04-13 14:19:49',1,'2018-04-13 14:19:49'),
(112,45,1,'笔记本','办公用品',700,211,1,'自用',0,1,'2018-04-17 11:18:49',1,'2018-04-13 14:20:20'),
(113,45,4,'黑水笔','办公用品',86,400,2,'自用',1,1,'2018-04-13 14:20:33',1,'2018-04-13 14:20:20'),
(114,46,4,'黑水笔','办公用品',359,400,2,'自用',0,1,'2018-04-13 14:41:25',1,'2018-04-13 14:41:25'),
(115,46,1,'笔记本','办公用品',70,4220,20,'自用',0,1,'2018-04-13 14:41:25',1,'2018-04-13 14:41:25'),
(116,47,5,'高档白酒（五粮液）','高档礼品',474,299899,1,'哈哈哈',0,224,'2018-04-13 15:26:34',224,'2018-04-13 15:26:34'),
(117,48,5,'高档白酒（五粮液）','高档礼品',149,299899,1,'蒋雄彬啊',0,224,'2018-04-13 15:32:48',224,'2018-04-13 15:32:48'),
(118,49,2,'高档白酒（茅台）','高档礼品',60,150022,1,'',0,224,'2018-04-13 15:38:29',224,'2018-04-13 15:38:29'),
(119,50,3,'铁观音','礼品',356,66000,22,'闽南师范大学',0,224,'2018-04-13 17:10:44',224,'2018-04-13 17:10:44'),
(120,51,1,'笔记本','办公用品',70,422,2,'自用',0,224,'2018-04-13 17:10:54',224,'2018-04-13 17:10:54'),
(121,52,3,'铁观音','礼品',48,6000,2,'12',0,224,'2018-04-13 17:11:31',224,'2018-04-13 17:11:31'),
(122,53,5,'高档白酒（五粮液）','高档礼品',227,599798,2,'蒋雄彬',0,224,'2018-04-16 15:01:02',224,'2018-04-16 15:01:02'),
(123,54,4,'黑水笔','办公用品',1,4400,22,'自用',0,1,'2018-04-17 16:23:35',1,'2018-04-17 16:23:35'),
(124,55,1,'笔记本','办公用品',227,9495,45,'自用',0,1,'2018-04-17 16:23:52',1,'2018-04-17 16:23:52'),
(125,56,4,'黑水笔','办公用品',474,3000,15,'自用',0,38,'2018-04-18 11:49:23',38,'2018-04-18 11:49:23'),
(126,57,5,'高档白酒（五粮液）','高档礼品',69,599798,2,'闽南师范大学',0,1,'2018-04-18 13:59:17',1,'2018-04-18 13:59:17'),
(127,58,6,'特殊物品','特殊指定物品',137,90000,2,'自用',0,1,'2018-04-18 14:00:01',1,'2018-04-18 14:00:01');

/*Table structure for table `rou_handle_record` */

DROP TABLE IF EXISTS `rou_handle_record`;

CREATE TABLE `rou_handle_record` (
  `record_id` int(11) unsigned NOT NULL AUTO_INCREMENT COMMENT '记录id',
  `handle_type_id` tinyint(4) NOT NULL DEFAULT '0' COMMENT '执行操作类型',
  `handle_type_name` varchar(20) NOT NULL DEFAULT '' COMMENT '执行操作类型名',
  `handled_id` int(11) unsigned NOT NULL DEFAULT '0' COMMENT '被处理的id',
  `del` tinyint(4) NOT NULL DEFAULT '0' COMMENT '是否删除',
  `modifier_id` int(11) unsigned DEFAULT '0' COMMENT '修改人id',
  `modify_time` timestamp NULL DEFAULT CURRENT_TIMESTAMP ON UPDATE CURRENT_TIMESTAMP COMMENT '修改时间',
  `creator_id` int(11) unsigned DEFAULT '0' COMMENT '创建人就是操作人（被记录的管理员id）',
  `create_time` timestamp NULL DEFAULT CURRENT_TIMESTAMP COMMENT '创建时间',
  PRIMARY KEY (`record_id`)
) ENGINE=InnoDB AUTO_INCREMENT=647 DEFAULT CHARSET=utf8 COMMENT='管理员操作记录表（更新操作）';

/*Data for the table `rou_handle_record` */

insert  into `rou_handle_record`(`record_id`,`handle_type_id`,`handle_type_name`,`handled_id`,`del`,`modifier_id`,`modify_time`,`creator_id`,`create_time`) values 
(250,7,'审批领用单',1,0,38,'2018-04-09 16:34:35',38,'2018-04-09 16:34:35'),
(251,7,'审批领用单',2,0,38,'2018-04-09 19:39:32',38,'2018-04-09 19:39:32'),
(252,7,'审批领用单',3,0,38,'2018-04-09 19:42:32',38,'2018-04-09 19:42:32'),
(253,9,'入库单',4,0,224,'2018-04-10 09:10:16',224,'2018-04-10 09:10:16'),
(254,7,'审批领用单',5,0,224,'2018-04-10 10:00:09',224,'2018-04-10 10:00:09'),
(255,10,'添加物品',6,0,224,'2018-04-10 11:04:02',224,'2018-04-10 11:04:02'),
(256,9,'入库单',7,0,224,'2018-04-10 11:05:38',224,'2018-04-10 11:05:38'),
(257,7,'审批领用单',8,0,224,'2018-04-10 11:24:19',224,'2018-04-10 11:24:19'),
(258,7,'审批领用单',6,0,224,'2018-04-10 11:24:21',224,'2018-04-10 11:24:21'),
(259,9,'入库单',9,0,224,'2018-04-10 11:25:06',224,'2018-04-10 11:25:06'),
(260,9,'入库单',10,0,224,'2018-04-10 11:25:14',224,'2018-04-10 11:25:14'),
(261,9,'入库单',11,0,224,'2018-04-10 11:25:42',224,'2018-04-10 11:25:42'),
(262,7,'审批领用单',12,0,224,'2018-04-10 11:25:59',224,'2018-04-10 11:25:59'),
(263,7,'审批领用单',13,0,224,'2018-04-10 11:28:29',224,'2018-04-10 11:28:29'),
(264,9,'入库单',14,0,224,'2018-04-10 11:28:59',224,'2018-04-10 11:28:59'),
(265,7,'审批领用单',17,0,224,'2018-04-10 14:31:32',224,'2018-04-10 14:31:32'),
(266,4,'添加部门',59,0,224,'2018-04-11 09:23:13',224,'2018-04-11 09:23:13'),
(267,2,'修改用户',482,0,224,'2018-04-11 09:23:13',224,'2018-04-11 09:23:13'),
(268,1,'添加用户',699,0,224,'2018-04-11 09:23:49',224,'2018-04-11 09:23:49'),
(269,2,'修改用户',699,0,224,'2018-04-11 09:23:55',224,'2018-04-11 09:23:55'),
(270,13,'添加物品类别',5,0,224,'2018-04-11 09:28:00',224,'2018-04-11 09:28:00'),
(271,10,'添加物品',7,0,224,'2018-04-11 09:29:15',224,'2018-04-11 09:29:15'),
(272,2,'修改用户',1,0,224,'2018-04-11 09:43:21',224,'2018-04-11 09:43:21'),
(273,11,'修改物品',2,0,224,'2018-04-11 10:47:27',224,'2018-04-11 10:47:27'),
(274,7,'审批领用单',15,0,224,'2018-04-11 15:04:47',224,'2018-04-11 15:04:47'),
(275,7,'审批领用单',16,0,224,'2018-04-11 15:41:58',224,'2018-04-11 15:41:58'),
(276,4,'添加部门',60,0,224,'2018-04-11 18:34:40',224,'2018-04-11 18:34:40'),
(277,2,'修改用户',1,0,224,'2018-04-11 18:34:40',224,'2018-04-11 18:34:40'),
(278,6,'修改部门',60,0,224,'2018-04-11 18:34:48',224,'2018-04-11 18:34:48'),
(279,3,'删除用户',1,0,224,'2018-04-11 18:34:48',224,'2018-04-11 18:34:48'),
(280,5,'修改部门',8,0,224,'2018-04-11 18:35:20',224,'2018-04-11 18:35:20'),
(281,2,'修改用户',227,0,224,'2018-04-11 18:35:20',224,'2018-04-11 18:35:20'),
(282,5,'修改部门',8,0,224,'2018-04-11 18:40:37',224,'2018-04-11 18:40:37'),
(283,2,'修改用户',227,0,224,'2018-04-11 18:40:37',224,'2018-04-11 18:40:37'),
(284,5,'修改部门',8,0,224,'2018-04-11 18:42:45',224,'2018-04-11 18:42:45'),
(285,2,'修改用户',227,0,224,'2018-04-11 18:42:45',224,'2018-04-11 18:42:45'),
(286,5,'修改部门',8,0,224,'2018-04-11 18:57:07',224,'2018-04-11 18:57:07'),
(287,2,'修改用户',227,0,224,'2018-04-11 18:57:07',224,'2018-04-11 18:57:07'),
(288,5,'修改部门',8,0,224,'2018-04-11 18:57:12',224,'2018-04-11 18:57:12'),
(289,2,'修改用户',1,0,224,'2018-04-11 18:57:12',224,'2018-04-11 18:57:12'),
(290,6,'修改部门',59,0,224,'2018-04-11 18:58:13',224,'2018-04-11 18:58:13'),
(291,6,'修改部门',17,0,224,'2018-04-11 19:02:22',224,'2018-04-11 19:02:22'),
(292,4,'添加部门',61,0,224,'2018-04-11 19:02:22',224,'2018-04-11 19:02:22'),
(293,4,'添加部门',62,0,224,'2018-04-11 19:15:08',224,'2018-04-11 19:15:08'),
(294,2,'修改用户',2,0,224,'2018-04-11 19:15:08',224,'2018-04-11 19:15:08'),
(295,4,'添加部门',63,0,224,'2018-04-11 19:16:05',224,'2018-04-11 19:16:05'),
(296,1,'添加用户',700,0,224,'2018-04-11 19:16:05',224,'2018-04-11 19:16:05'),
(297,5,'修改部门',63,0,224,'2018-04-11 19:16:05',224,'2018-04-11 19:16:05'),
(298,6,'修改部门',63,0,224,'2018-04-11 19:16:14',224,'2018-04-11 19:16:14'),
(299,3,'删除用户',700,0,224,'2018-04-11 19:16:14',224,'2018-04-11 19:16:14'),
(300,5,'修改部门',8,0,224,'2018-04-11 19:18:12',224,'2018-04-11 19:18:12'),
(301,2,'修改用户',1,0,224,'2018-04-11 19:18:12',224,'2018-04-11 19:18:12'),
(302,5,'修改部门',8,0,224,'2018-04-11 19:18:22',224,'2018-04-11 19:18:22'),
(303,2,'修改用户',1,0,224,'2018-04-11 19:18:22',224,'2018-04-11 19:18:22'),
(304,5,'修改部门',8,0,224,'2018-04-11 19:18:39',224,'2018-04-11 19:18:39'),
(305,2,'修改用户',3,0,224,'2018-04-11 19:18:39',224,'2018-04-11 19:18:39'),
(306,5,'修改部门',8,0,224,'2018-04-11 19:18:53',224,'2018-04-11 19:18:53'),
(307,2,'修改用户',1,0,224,'2018-04-11 19:18:53',224,'2018-04-11 19:18:53'),
(309,6,'修改部门',62,0,224,'2018-04-11 19:29:02',224,'2018-04-11 19:29:02'),
(310,6,'修改部门',62,0,224,'2018-04-11 19:29:06',224,'2018-04-11 19:29:06'),
(311,6,'修改部门',61,0,224,'2018-04-11 19:47:43',224,'2018-04-11 19:47:43'),
(312,3,'删除用户',57,0,224,'2018-04-11 19:47:43',224,'2018-04-11 19:47:43'),
(313,6,'修改部门',17,0,224,'2018-04-11 19:49:48',224,'2018-04-11 19:49:48'),
(314,3,'删除用户',59,0,224,'2018-04-11 19:49:48',224,'2018-04-11 19:49:48'),
(315,3,'删除用户',699,0,224,'2018-04-11 19:49:48',224,'2018-04-11 19:49:48'),
(316,6,'修改部门',17,0,224,'2018-04-11 19:51:41',224,'2018-04-11 19:51:41'),
(317,6,'修改部门',17,0,224,'2018-04-11 19:55:44',224,'2018-04-11 19:55:44'),
(318,6,'修改部门',17,0,224,'2018-04-11 20:00:04',224,'2018-04-11 20:00:04'),
(319,6,'修改部门',17,0,224,'2018-04-11 20:23:44',224,'2018-04-11 20:23:44'),
(320,6,'修改部门',17,0,224,'2018-04-11 20:25:12',224,'2018-04-11 20:25:12'),
(321,6,'修改部门',17,0,224,'2018-04-11 20:25:17',224,'2018-04-11 20:25:17'),
(322,4,'添加部门',65,0,224,'2018-04-11 20:25:17',224,'2018-04-11 20:25:17'),
(323,6,'修改部门',17,0,224,'2018-04-11 20:26:38',224,'2018-04-11 20:26:38'),
(324,2,'修改用户',59,0,224,'2018-04-11 20:38:22',224,'2018-04-11 20:38:22'),
(325,2,'修改用户',699,0,224,'2018-04-11 20:38:22',224,'2018-04-11 20:38:22'),
(326,6,'修改部门',17,0,224,'2018-04-11 20:38:22',224,'2018-04-11 20:38:22'),
(327,4,'添加部门',66,0,224,'2018-04-11 20:40:31',224,'2018-04-11 20:40:31'),
(328,2,'修改用户',59,0,224,'2018-04-11 20:40:31',224,'2018-04-11 20:40:31'),
(329,2,'修改用户',699,0,224,'2018-04-11 20:40:31',224,'2018-04-11 20:40:31'),
(330,6,'修改部门',17,0,224,'2018-04-11 20:40:31',224,'2018-04-11 20:40:31'),
(331,2,'修改用户',59,0,224,'2018-04-11 20:40:58',224,'2018-04-11 20:40:58'),
(332,2,'修改用户',699,0,224,'2018-04-11 20:42:26',224,'2018-04-11 20:42:26'),
(333,6,'修改部门',66,0,224,'2018-04-11 20:42:26',224,'2018-04-11 20:42:26'),
(334,5,'修改部门',8,0,224,'2018-04-12 11:23:36',224,'2018-04-12 11:23:36'),
(335,2,'修改用户',227,0,224,'2018-04-12 11:23:36',224,'2018-04-12 11:23:36'),
(336,7,'审批领用单',23,0,224,'2018-04-12 11:24:27',224,'2018-04-12 11:24:27'),
(337,7,'审批领用单',24,0,224,'2018-04-12 11:26:01',224,'2018-04-12 11:26:01'),
(338,9,'入库单',25,0,224,'2018-04-12 13:58:05',224,'2018-04-12 13:58:05'),
(339,9,'入库单',26,0,224,'2018-04-12 13:59:25',224,'2018-04-12 13:59:25'),
(340,7,'审批领用单',27,0,224,'2018-04-12 14:04:00',224,'2018-04-12 14:04:00'),
(341,9,'入库单',28,0,224,'2018-04-12 14:04:14',224,'2018-04-12 14:04:14'),
(342,7,'审批领用单',21,0,224,'2018-04-12 14:34:39',224,'2018-04-12 14:34:39'),
(343,9,'入库单',29,0,224,'2018-04-12 14:34:57',224,'2018-04-12 14:34:57'),
(344,7,'审批领用单',30,0,224,'2018-04-12 17:15:18',224,'2018-04-12 17:15:18'),
(345,7,'审批领用单',31,0,224,'2018-04-12 17:15:47',224,'2018-04-12 17:15:47'),
(346,7,'审批领用单',20,0,224,'2018-04-12 17:15:59',224,'2018-04-12 17:15:59'),
(347,9,'入库单',32,0,224,'2018-04-12 17:33:19',224,'2018-04-12 17:33:19'),
(348,7,'审批领用单',32,0,224,'2018-04-12 17:33:28',224,'2018-04-12 17:33:28'),
(349,7,'审批领用单',33,0,224,'2018-04-12 17:38:21',224,'2018-04-12 17:38:21'),
(350,7,'审批领用单',19,0,224,'2018-04-12 17:39:12',224,'2018-04-12 17:39:12'),
(351,9,'入库单',34,0,224,'2018-04-12 17:39:32',224,'2018-04-12 17:39:32'),
(352,7,'审批领用单',34,0,224,'2018-04-12 17:39:49',224,'2018-04-12 17:39:49'),
(353,7,'审批领用单',35,0,224,'2018-04-12 17:40:59',224,'2018-04-12 17:40:59'),
(354,7,'审批领用单',36,0,224,'2018-04-12 17:41:49',224,'2018-04-12 17:41:49'),
(355,7,'审批领用单',18,0,224,'2018-04-12 17:48:57',224,'2018-04-12 17:48:57'),
(356,7,'审批领用单',37,0,224,'2018-04-12 18:05:31',224,'2018-04-12 18:05:31'),
(357,9,'入库单',38,0,224,'2018-04-12 18:05:50',224,'2018-04-12 18:05:50'),
(358,7,'审批领用单',38,0,224,'2018-04-12 18:05:56',224,'2018-04-12 18:05:56'),
(359,9,'入库单',39,0,224,'2018-04-12 18:11:36',224,'2018-04-12 18:11:36'),
(360,9,'入库单',40,0,224,'2018-04-13 09:04:18',224,'2018-04-13 09:04:18'),
(361,7,'审批领用单',25,0,224,'2018-04-13 11:41:30',224,'2018-04-13 11:41:30'),
(362,7,'审批领用单',39,0,224,'2018-04-13 11:41:56',224,'2018-04-13 11:41:56'),
(363,7,'审批领用单',42,0,224,'2018-04-13 12:00:53',224,'2018-04-13 12:00:53'),
(364,7,'审批领用单',40,0,224,'2018-04-13 12:31:38',224,'2018-04-13 12:31:38'),
(365,7,'审批领用单',29,0,224,'2018-04-13 13:52:21',224,'2018-04-13 13:52:21'),
(366,7,'审批领用单',28,0,224,'2018-04-13 13:52:31',224,'2018-04-13 13:52:31'),
(367,7,'审批领用单',41,0,224,'2018-04-13 13:52:36',224,'2018-04-13 13:52:36'),
(368,7,'审批领用单',26,0,224,'2018-04-13 13:52:37',224,'2018-04-13 13:52:37'),
(369,2,'修改用户',128,0,224,'2018-04-13 16:38:52',224,'2018-04-13 16:38:52'),
(370,5,'修改部门',46,0,224,'2018-04-13 16:38:52',224,'2018-04-13 16:38:52'),
(371,2,'修改用户',6,0,224,'2018-04-13 16:59:18',224,'2018-04-13 16:59:18'),
(372,5,'修改部门',24,0,224,'2018-04-13 16:59:18',224,'2018-04-13 16:59:18'),
(373,7,'审批领用单',43,0,224,'2018-04-13 17:11:04',224,'2018-04-13 17:11:04'),
(374,7,'审批领用单',44,0,224,'2018-04-13 17:11:10',224,'2018-04-13 17:11:10'),
(375,7,'审批领用单',50,0,224,'2018-04-13 17:11:44',224,'2018-04-13 17:11:44'),
(376,4,'添加部门',67,0,224,'2018-04-13 19:12:22',224,'2018-04-13 19:12:22'),
(377,1,'添加用户',700,0,224,'2018-04-13 19:12:22',224,'2018-04-13 19:12:22'),
(378,5,'修改部门',67,0,224,'2018-04-13 19:12:22',224,'2018-04-13 19:12:22'),
(379,2,'修改用户',40,0,224,'2018-04-13 19:31:39',224,'2018-04-13 19:31:39'),
(380,2,'修改用户',41,0,224,'2018-04-13 19:31:39',224,'2018-04-13 19:31:39'),
(381,2,'修改用户',474,0,224,'2018-04-13 19:31:39',224,'2018-04-13 19:31:39'),
(382,2,'修改用户',482,0,224,'2018-04-13 19:31:39',224,'2018-04-13 19:31:39'),
(383,6,'修改部门',2,0,224,'2018-04-13 19:31:39',224,'2018-04-13 19:31:39'),
(384,6,'修改部门',2,0,224,'2018-04-13 19:38:58',224,'2018-04-13 19:38:58'),
(385,2,'修改用户',474,0,224,'2018-04-13 19:47:44',224,'2018-04-13 19:47:44'),
(386,6,'修改部门',2,0,224,'2018-04-13 19:47:44',224,'2018-04-13 19:47:44'),
(387,2,'修改用户',474,0,224,'2018-04-13 19:48:19',224,'2018-04-13 19:48:19'),
(388,6,'修改部门',2,0,224,'2018-04-13 19:48:19',224,'2018-04-13 19:48:19'),
(389,2,'修改用户',474,0,224,'2018-04-13 19:49:28',224,'2018-04-13 19:49:28'),
(390,6,'修改部门',2,0,224,'2018-04-13 19:49:28',224,'2018-04-13 19:49:28'),
(391,2,'修改用户',474,0,224,'2018-04-13 19:50:12',224,'2018-04-13 19:50:12'),
(392,6,'修改部门',2,0,224,'2018-04-13 19:50:12',224,'2018-04-13 19:50:12'),
(393,2,'修改用户',474,0,224,'2018-04-13 19:50:38',224,'2018-04-13 19:50:38'),
(394,2,'修改用户',474,0,224,'2018-04-13 19:51:24',224,'2018-04-13 19:51:24'),
(395,6,'修改部门',2,0,224,'2018-04-13 19:51:24',224,'2018-04-13 19:51:24'),
(396,2,'修改用户',474,0,224,'2018-04-13 19:56:19',224,'2018-04-13 19:56:19'),
(397,6,'修改部门',2,0,224,'2018-04-13 19:56:19',224,'2018-04-13 19:56:19'),
(398,2,'修改用户',474,0,224,'2018-04-13 19:57:09',224,'2018-04-13 19:57:09'),
(399,6,'修改部门',2,0,224,'2018-04-13 19:57:09',224,'2018-04-13 19:57:09'),
(400,2,'修改用户',474,0,224,'2018-04-13 20:05:37',224,'2018-04-13 20:05:37'),
(401,6,'修改部门',2,0,224,'2018-04-13 20:05:37',224,'2018-04-13 20:05:37'),
(403,2,'修改用户',474,0,224,'2018-04-13 20:06:21',224,'2018-04-13 20:06:21'),
(404,6,'修改部门',2,0,224,'2018-04-13 20:06:21',224,'2018-04-13 20:06:21'),
(405,6,'修改部门',67,0,224,'2018-04-13 20:06:49',224,'2018-04-13 20:06:49'),
(406,3,'删除用户',700,0,224,'2018-04-13 20:06:49',224,'2018-04-13 20:06:49'),
(407,2,'修改用户',1,0,224,'2018-04-16 09:23:39',224,'2018-04-16 09:23:39'),
(408,5,'修改部门',8,0,224,'2018-04-16 09:23:40',224,'2018-04-16 09:23:40'),
(409,2,'修改用户',1,0,224,'2018-04-16 09:23:47',224,'2018-04-16 09:23:47'),
(410,5,'修改部门',8,0,224,'2018-04-16 09:23:47',224,'2018-04-16 09:23:47'),
(411,2,'修改用户',3,0,224,'2018-04-16 09:24:30',224,'2018-04-16 09:24:30'),
(412,5,'修改部门',8,0,224,'2018-04-16 09:24:30',224,'2018-04-16 09:24:30'),
(413,5,'修改部门',8,0,224,'2018-04-16 09:26:14',224,'2018-04-16 09:26:14'),
(414,2,'修改用户',1,0,224,'2018-04-16 09:26:14',224,'2018-04-16 09:26:14'),
(415,2,'修改用户',227,0,224,'2018-04-16 09:35:16',224,'2018-04-16 09:35:16'),
(416,5,'修改部门',8,0,224,'2018-04-16 09:35:16',224,'2018-04-16 09:35:16'),
(417,5,'修改部门',8,0,224,'2018-04-16 09:50:40',224,'2018-04-16 09:50:40'),
(418,1,'添加用户',700,0,224,'2018-04-16 09:50:40',224,'2018-04-16 09:50:40'),
(419,2,'修改用户',227,0,224,'2018-04-16 09:52:05',224,'2018-04-16 09:52:05'),
(420,5,'修改部门',8,0,224,'2018-04-16 09:52:05',224,'2018-04-16 09:52:05'),
(421,2,'修改用户',5,0,224,'2018-04-16 10:04:36',224,'2018-04-16 10:04:36'),
(422,2,'修改用户',1,0,224,'2018-04-16 10:04:44',224,'2018-04-16 10:04:44'),
(423,2,'修改用户',1,0,224,'2018-04-16 10:04:53',224,'2018-04-16 10:04:53'),
(424,10,'添加物品',8,0,224,'2018-04-16 10:09:12',224,'2018-04-16 10:09:12'),
(425,2,'修改用户',1,0,224,'2018-04-16 11:15:56',224,'2018-04-16 11:15:56'),
(426,2,'修改用户',1,0,224,'2018-04-16 11:16:17',224,'2018-04-16 11:16:17'),
(427,2,'修改用户',1,0,224,'2018-04-16 11:16:22',224,'2018-04-16 11:16:22'),
(428,2,'修改用户',1,0,224,'2018-04-16 11:16:28',224,'2018-04-16 11:16:28'),
(429,13,'添加物品类别',6,0,224,'2018-04-16 11:48:27',224,'2018-04-16 11:48:27'),
(435,15,'删除物品类别',6,0,224,'2018-04-16 12:46:16',224,'2018-04-16 12:46:16'),
(436,15,'删除物品类别',6,0,224,'2018-04-16 12:57:02',224,'2018-04-16 12:57:02'),
(437,15,'删除物品类别',6,0,224,'2018-04-16 13:00:27',224,'2018-04-16 13:00:27'),
(444,15,'删除物品类别',6,0,224,'2018-04-16 13:21:51',224,'2018-04-16 13:21:51'),
(445,2,'修改用户',224,0,224,'2018-04-16 15:03:07',224,'2018-04-16 15:03:07'),
(446,2,'修改用户',1,0,1,'2018-04-17 14:32:28',1,'2018-04-17 14:32:28'),
(447,2,'修改用户',86,0,1,'2018-04-17 14:34:22',1,'2018-04-17 14:34:22'),
(448,5,'修改部门',1,0,1,'2018-04-17 14:34:22',1,'2018-04-17 14:34:22'),
(449,2,'修改用户',53,0,1,'2018-04-17 15:11:23',1,'2018-04-17 15:11:23'),
(450,2,'修改用户',474,0,1,'2018-04-17 15:11:57',1,'2018-04-17 15:11:57'),
(451,5,'修改部门',2,0,1,'2018-04-17 15:11:57',1,'2018-04-17 15:11:57'),
(452,2,'修改用户',163,0,1,'2018-04-17 15:12:43',1,'2018-04-17 15:12:43'),
(453,5,'修改部门',48,0,1,'2018-04-17 15:12:43',1,'2018-04-17 15:12:43'),
(454,2,'修改用户',269,0,1,'2018-04-17 15:13:01',1,'2018-04-17 15:13:01'),
(455,5,'修改部门',52,0,1,'2018-04-17 15:13:01',1,'2018-04-17 15:13:01'),
(456,2,'修改用户',224,0,1,'2018-04-17 15:13:11',1,'2018-04-17 15:13:11'),
(457,7,'审批领用单',55,0,1,'2018-04-17 16:24:09',1,'2018-04-17 16:24:09'),
(458,7,'审批领用单',53,0,1,'2018-04-17 16:24:12',1,'2018-04-17 16:24:12'),
(459,12,'删除物品',8,0,1,'2018-04-17 16:24:34',1,'2018-04-17 16:24:34'),
(460,10,'添加物品',9,0,1,'2018-04-17 16:38:56',1,'2018-04-17 16:38:56'),
(461,12,'删除物品',9,0,1,'2018-04-17 16:53:59',1,'2018-04-17 16:53:59'),
(462,10,'添加物品',16,0,1,'2018-04-17 16:54:42',1,'2018-04-17 16:54:42'),
(463,11,'修改物品',16,0,1,'2018-04-17 17:23:56',1,'2018-04-17 17:23:56'),
(464,11,'修改物品',16,0,1,'2018-04-17 17:24:00',1,'2018-04-17 17:24:00'),
(465,12,'删除物品',16,0,1,'2018-04-17 17:27:18',1,'2018-04-17 17:27:18'),
(466,11,'修改物品',7,0,1,'2018-04-17 17:27:36',1,'2018-04-17 17:27:36'),
(467,11,'修改物品',7,0,1,'2018-04-17 17:27:39',1,'2018-04-17 17:27:39'),
(468,11,'修改物品',7,0,1,'2018-04-17 17:27:42',1,'2018-04-17 17:27:42'),
(469,2,'修改用户',193,0,1,'2018-04-18 10:23:55',1,'2018-04-18 10:23:55'),
(470,2,'修改用户',193,0,1,'2018-04-18 10:31:27',1,'2018-04-18 10:31:27'),
(471,2,'修改用户',269,0,1,'2018-04-18 10:31:53',1,'2018-04-18 10:31:53'),
(472,5,'修改部门',52,0,1,'2018-04-18 10:31:53',1,'2018-04-18 10:31:53'),
(473,2,'修改用户',4,0,1,'2018-04-18 10:33:01',1,'2018-04-18 10:33:01'),
(474,2,'修改用户',452,0,1,'2018-04-18 10:35:39',1,'2018-04-18 10:35:39'),
(475,3,'删除用户',8,0,1,'2018-04-18 10:37:18',1,'2018-04-18 10:37:18'),
(476,2,'修改用户',410,0,1,'2018-04-18 10:37:50',1,'2018-04-18 10:37:50'),
(477,2,'修改用户',175,0,1,'2018-04-18 10:38:14',1,'2018-04-18 10:38:14'),
(478,2,'修改用户',686,0,1,'2018-04-18 10:38:25',1,'2018-04-18 10:38:25'),
(479,2,'修改用户',550,0,1,'2018-04-18 10:38:40',1,'2018-04-18 10:38:40'),
(480,3,'删除用户',596,0,1,'2018-04-18 10:39:05',1,'2018-04-18 10:39:05'),
(481,2,'修改用户',48,0,1,'2018-04-18 10:39:10',1,'2018-04-18 10:39:10'),
(482,5,'修改部门',53,0,1,'2018-04-18 10:39:10',1,'2018-04-18 10:39:10'),
(483,2,'修改用户',213,0,1,'2018-04-18 10:39:20',1,'2018-04-18 10:39:20'),
(484,2,'修改用户',218,0,1,'2018-04-18 10:39:41',1,'2018-04-18 10:39:41'),
(485,2,'修改用户',537,0,1,'2018-04-18 10:40:42',1,'2018-04-18 10:40:42'),
(486,2,'修改用户',176,0,1,'2018-04-18 10:41:04',1,'2018-04-18 10:41:04'),
(487,2,'修改用户',295,0,1,'2018-04-18 10:41:19',1,'2018-04-18 10:41:19'),
(488,2,'修改用户',608,0,1,'2018-04-18 10:42:42',1,'2018-04-18 10:42:42'),
(489,5,'修改部门',47,0,1,'2018-04-18 10:42:42',1,'2018-04-18 10:42:42'),
(490,2,'修改用户',608,0,1,'2018-04-18 10:42:53',1,'2018-04-18 10:42:53'),
(492,2,'修改用户',608,0,1,'2018-04-18 10:43:08',1,'2018-04-18 10:43:08'),
(493,5,'修改部门',47,0,1,'2018-04-18 10:44:16',1,'2018-04-18 10:44:16'),
(494,1,'添加用户',701,0,1,'2018-04-18 10:44:16',1,'2018-04-18 10:44:16'),
(495,2,'修改用户',608,0,1,'2018-04-18 10:44:25',1,'2018-04-18 10:44:25'),
(496,2,'修改用户',608,0,1,'2018-04-18 10:44:59',1,'2018-04-18 10:44:59'),
(497,5,'修改部门',54,0,1,'2018-04-18 10:44:59',1,'2018-04-18 10:44:59'),
(498,2,'修改用户',278,0,1,'2018-04-18 10:45:33',1,'2018-04-18 10:45:33'),
(499,2,'修改用户',62,0,1,'2018-04-18 10:45:53',1,'2018-04-18 10:45:53'),
(500,2,'修改用户',512,0,1,'2018-04-18 10:46:15',1,'2018-04-18 10:46:15'),
(501,2,'修改用户',201,0,1,'2018-04-18 10:46:25',1,'2018-04-18 10:46:25'),
(502,2,'修改用户',442,0,1,'2018-04-18 10:46:46',1,'2018-04-18 10:46:46'),
(503,2,'修改用户',64,0,1,'2018-04-18 10:52:43',1,'2018-04-18 10:52:43'),
(504,3,'删除用户',338,0,1,'2018-04-18 10:56:19',1,'2018-04-18 10:56:19'),
(505,2,'修改用户',597,0,1,'2018-04-18 10:56:45',1,'2018-04-18 10:56:45'),
(506,2,'修改用户',373,0,1,'2018-04-18 10:57:48',1,'2018-04-18 10:57:48'),
(507,2,'修改用户',81,0,1,'2018-04-18 10:59:24',1,'2018-04-18 10:59:24'),
(508,4,'添加部门',60,0,1,'2018-04-18 11:03:01',1,'2018-04-18 11:03:01'),
(509,1,'添加用户',702,0,1,'2018-04-18 11:03:01',1,'2018-04-18 11:03:01'),
(510,5,'修改部门',60,0,1,'2018-04-18 11:03:01',1,'2018-04-18 11:03:01'),
(511,2,'修改用户',605,0,1,'2018-04-18 11:04:52',1,'2018-04-18 11:04:52'),
(512,2,'修改用户',382,0,1,'2018-04-18 11:05:18',1,'2018-04-18 11:05:18'),
(513,2,'修改用户',233,0,1,'2018-04-18 11:05:43',1,'2018-04-18 11:05:43'),
(514,2,'修改用户',402,0,1,'2018-04-18 11:05:58',1,'2018-04-18 11:05:58'),
(515,2,'修改用户',609,0,1,'2018-04-18 11:06:15',1,'2018-04-18 11:06:15'),
(516,2,'修改用户',229,0,1,'2018-04-18 11:06:50',1,'2018-04-18 11:06:50'),
(517,2,'修改用户',358,0,1,'2018-04-18 11:07:08',1,'2018-04-18 11:07:08'),
(518,2,'修改用户',227,0,1,'2018-04-18 11:09:14',1,'2018-04-18 11:09:14'),
(519,2,'修改用户',227,0,1,'2018-04-18 11:09:22',1,'2018-04-18 11:09:22'),
(520,2,'修改用户',227,0,1,'2018-04-18 11:10:11',1,'2018-04-18 11:10:11'),
(521,5,'修改部门',8,0,1,'2018-04-18 11:10:11',1,'2018-04-18 11:10:11'),
(522,2,'修改用户',227,0,1,'2018-04-18 11:10:15',1,'2018-04-18 11:10:15'),
(523,2,'修改用户',227,0,1,'2018-04-18 11:10:25',1,'2018-04-18 11:10:25'),
(524,5,'修改部门',8,0,1,'2018-04-18 11:10:25',1,'2018-04-18 11:10:25'),
(525,2,'修改用户',202,0,1,'2018-04-18 11:11:16',1,'2018-04-18 11:11:16'),
(526,2,'修改用户',18,0,1,'2018-04-18 11:11:31',1,'2018-04-18 11:11:31'),
(527,2,'修改用户',433,0,1,'2018-04-18 11:11:47',1,'2018-04-18 11:11:47'),
(528,2,'修改用户',651,0,1,'2018-04-18 11:11:57',1,'2018-04-18 11:11:57'),
(529,2,'修改用户',493,0,1,'2018-04-18 11:12:17',1,'2018-04-18 11:12:17'),
(530,2,'修改用户',43,0,1,'2018-04-18 11:12:31',1,'2018-04-18 11:12:31'),
(531,2,'修改用户',23,0,1,'2018-04-18 11:12:55',1,'2018-04-18 11:12:55'),
(532,2,'修改用户',284,0,1,'2018-04-18 11:13:12',1,'2018-04-18 11:13:12'),
(533,3,'删除用户',432,0,1,'2018-04-18 11:13:55',1,'2018-04-18 11:13:55'),
(534,2,'修改用户',439,0,1,'2018-04-18 11:14:03',1,'2018-04-18 11:14:03'),
(535,2,'修改用户',84,0,1,'2018-04-18 11:15:27',1,'2018-04-18 11:15:27'),
(536,2,'修改用户',549,0,1,'2018-04-18 11:15:45',1,'2018-04-18 11:15:45'),
(537,2,'修改用户',227,0,1,'2018-04-18 11:16:15',1,'2018-04-18 11:16:15'),
(538,2,'修改用户',227,0,1,'2018-04-18 11:18:00',1,'2018-04-18 11:18:00'),
(539,2,'修改用户',40,0,1,'2018-04-18 11:19:29',1,'2018-04-18 11:19:29'),
(540,5,'修改部门',46,0,1,'2018-04-18 11:19:29',1,'2018-04-18 11:19:29'),
(541,2,'修改用户',128,0,1,'2018-04-18 11:19:42',1,'2018-04-18 11:19:42'),
(542,2,'修改用户',459,0,1,'2018-04-18 11:20:30',1,'2018-04-18 11:20:30'),
(543,2,'修改用户',457,0,1,'2018-04-18 11:21:04',1,'2018-04-18 11:21:04'),
(544,2,'修改用户',566,0,1,'2018-04-18 11:21:18',1,'2018-04-18 11:21:18'),
(545,2,'修改用户',322,0,1,'2018-04-18 11:21:38',1,'2018-04-18 11:21:38'),
(546,3,'删除用户',687,0,1,'2018-04-18 11:22:06',1,'2018-04-18 11:22:06'),
(547,2,'修改用户',72,0,1,'2018-04-18 11:22:13',1,'2018-04-18 11:22:13'),
(548,5,'修改部门',55,0,1,'2018-04-18 11:22:13',1,'2018-04-18 11:22:13'),
(549,2,'修改用户',186,0,1,'2018-04-18 11:22:22',1,'2018-04-18 11:22:22'),
(550,5,'修改部门',56,0,1,'2018-04-18 11:22:22',1,'2018-04-18 11:22:22'),
(551,2,'修改用户',286,0,1,'2018-04-18 11:22:39',1,'2018-04-18 11:22:39'),
(552,2,'修改用户',486,0,1,'2018-04-18 11:23:10',1,'2018-04-18 11:23:10'),
(553,2,'修改用户',506,0,1,'2018-04-18 11:23:23',1,'2018-04-18 11:23:23'),
(554,2,'修改用户',68,0,1,'2018-04-18 11:23:36',1,'2018-04-18 11:23:36'),
(555,2,'修改用户',268,0,1,'2018-04-18 11:23:49',1,'2018-04-18 11:23:49'),
(556,5,'修改部门',57,0,1,'2018-04-18 11:23:49',1,'2018-04-18 11:23:49'),
(557,2,'修改用户',253,0,1,'2018-04-18 11:24:06',1,'2018-04-18 11:24:06'),
(558,2,'修改用户',294,0,1,'2018-04-18 11:24:44',1,'2018-04-18 11:24:44'),
(559,2,'修改用户',678,0,1,'2018-04-18 11:25:05',1,'2018-04-18 11:25:05'),
(560,3,'删除用户',236,0,1,'2018-04-18 11:25:23',1,'2018-04-18 11:25:23'),
(561,3,'删除用户',314,0,1,'2018-04-18 11:25:25',1,'2018-04-18 11:25:25'),
(562,2,'修改用户',658,0,1,'2018-04-18 11:25:58',1,'2018-04-18 11:25:58'),
(563,2,'修改用户',648,0,1,'2018-04-18 11:26:29',1,'2018-04-18 11:26:29'),
(564,3,'删除用户',505,0,1,'2018-04-18 11:26:42',1,'2018-04-18 11:26:42'),
(565,2,'修改用户',636,0,1,'2018-04-18 11:26:47',1,'2018-04-18 11:26:47'),
(566,2,'修改用户',451,0,1,'2018-04-18 11:27:06',1,'2018-04-18 11:27:06'),
(567,3,'删除用户',19,0,1,'2018-04-18 11:27:34',1,'2018-04-18 11:27:34'),
(568,2,'修改用户',44,0,1,'2018-04-18 11:27:42',1,'2018-04-18 11:27:42'),
(569,3,'删除用户',385,0,1,'2018-04-18 11:27:53',1,'2018-04-18 11:27:53'),
(570,2,'修改用户',616,0,1,'2018-04-18 11:28:00',1,'2018-04-18 11:28:00'),
(571,2,'修改用户',656,0,1,'2018-04-18 11:28:12',1,'2018-04-18 11:28:12'),
(572,2,'修改用户',528,0,1,'2018-04-18 11:28:27',1,'2018-04-18 11:28:27'),
(573,2,'修改用户',469,0,1,'2018-04-18 11:28:46',1,'2018-04-18 11:28:46'),
(574,2,'修改用户',130,0,1,'2018-04-18 11:29:03',1,'2018-04-18 11:29:03'),
(575,5,'修改部门',58,0,1,'2018-04-18 11:29:03',1,'2018-04-18 11:29:03'),
(576,2,'修改用户',257,0,1,'2018-04-18 11:29:16',1,'2018-04-18 11:29:16'),
(577,2,'修改用户',695,0,1,'2018-04-18 11:30:06',1,'2018-04-18 11:30:06'),
(578,2,'修改用户',595,0,1,'2018-04-18 11:30:20',1,'2018-04-18 11:30:20'),
(579,2,'修改用户',522,0,1,'2018-04-18 11:30:33',1,'2018-04-18 11:30:33'),
(580,2,'修改用户',475,0,1,'2018-04-18 11:30:47',1,'2018-04-18 11:30:47'),
(581,2,'修改用户',171,0,1,'2018-04-18 11:30:58',1,'2018-04-18 11:30:58'),
(582,2,'修改用户',254,0,1,'2018-04-18 11:31:13',1,'2018-04-18 11:31:13'),
(583,2,'修改用户',60,0,1,'2018-04-18 11:32:05',1,'2018-04-18 11:32:05'),
(584,5,'修改部门',7,0,1,'2018-04-18 11:32:05',1,'2018-04-18 11:32:05'),
(585,2,'修改用户',86,0,1,'2018-04-18 11:32:15',1,'2018-04-18 11:32:15'),
(586,5,'修改部门',1,0,1,'2018-04-18 11:32:15',1,'2018-04-18 11:32:15'),
(587,2,'修改用户',149,0,1,'2018-04-18 11:32:29',1,'2018-04-18 11:32:29'),
(588,5,'修改部门',4,0,1,'2018-04-18 11:32:29',1,'2018-04-18 11:32:29'),
(589,2,'修改用户',118,0,1,'2018-04-18 11:32:59',1,'2018-04-18 11:32:59'),
(590,2,'修改用户',118,0,1,'2018-04-18 11:33:12',1,'2018-04-18 11:33:12'),
(591,2,'修改用户',56,0,1,'2018-04-18 11:33:30',1,'2018-04-18 11:33:30'),
(592,2,'修改用户',27,0,1,'2018-04-18 11:33:39',1,'2018-04-18 11:33:39'),
(593,2,'修改用户',196,0,1,'2018-04-18 11:33:52',1,'2018-04-18 11:33:52'),
(594,3,'删除用户',620,0,1,'2018-04-18 11:35:03',1,'2018-04-18 11:35:03'),
(595,3,'删除用户',514,0,1,'2018-04-18 11:35:10',1,'2018-04-18 11:35:10'),
(596,2,'修改用户',640,0,1,'2018-04-18 11:35:33',1,'2018-04-18 11:35:33'),
(597,2,'修改用户',211,0,1,'2018-04-18 11:36:02',1,'2018-04-18 11:36:02'),
(598,2,'修改用户',69,0,1,'2018-04-18 11:37:26',1,'2018-04-18 11:37:26'),
(599,5,'修改部门',6,0,1,'2018-04-18 11:37:26',1,'2018-04-18 11:37:26'),
(600,2,'修改用户',137,0,1,'2018-04-18 11:37:57',1,'2018-04-18 11:37:57'),
(601,5,'修改部门',9,0,1,'2018-04-18 11:37:57',1,'2018-04-18 11:37:57'),
(602,2,'修改用户',359,0,1,'2018-04-18 11:38:10',1,'2018-04-18 11:38:10'),
(603,5,'修改部门',10,0,1,'2018-04-18 11:38:10',1,'2018-04-18 11:38:10'),
(604,2,'修改用户',70,0,1,'2018-04-18 11:38:18',1,'2018-04-18 11:38:18'),
(605,5,'修改部门',11,0,1,'2018-04-18 11:38:18',1,'2018-04-18 11:38:18'),
(606,2,'修改用户',79,0,1,'2018-04-18 11:38:49',1,'2018-04-18 11:38:49'),
(607,5,'修改部门',3,0,1,'2018-04-18 11:38:49',1,'2018-04-18 11:38:49'),
(608,2,'修改用户',630,0,1,'2018-04-18 11:38:53',1,'2018-04-18 11:38:53'),
(609,5,'修改部门',5,0,1,'2018-04-18 11:38:53',1,'2018-04-18 11:38:53'),
(610,2,'修改用户',356,0,1,'2018-04-18 11:39:06',1,'2018-04-18 11:39:06'),
(611,5,'修改部门',14,0,1,'2018-04-18 11:39:06',1,'2018-04-18 11:39:06'),
(612,2,'修改用户',59,0,1,'2018-04-18 11:39:26',1,'2018-04-18 11:39:26'),
(613,5,'修改部门',17,0,1,'2018-04-18 11:39:26',1,'2018-04-18 11:39:26'),
(614,2,'修改用户',239,0,1,'2018-04-18 11:39:44',1,'2018-04-18 11:39:44'),
(615,5,'修改部门',4,0,1,'2018-04-18 11:39:44',1,'2018-04-18 11:39:44'),
(616,2,'修改用户',59,0,1,'2018-04-18 11:39:50',1,'2018-04-18 11:39:50'),
(617,5,'修改部门',17,0,1,'2018-04-18 11:39:50',1,'2018-04-18 11:39:50'),
(618,2,'修改用户',78,0,1,'2018-04-18 11:40:00',1,'2018-04-18 11:40:00'),
(619,5,'修改部门',19,0,1,'2018-04-18 11:40:00',1,'2018-04-18 11:40:00'),
(620,2,'修改用户',399,0,1,'2018-04-18 11:40:15',1,'2018-04-18 11:40:15'),
(621,5,'修改部门',23,0,1,'2018-04-18 11:40:15',1,'2018-04-18 11:40:15'),
(622,2,'修改用户',399,0,1,'2018-04-18 11:41:56',1,'2018-04-18 11:41:56'),
(623,5,'修改部门',23,0,1,'2018-04-18 11:41:56',1,'2018-04-18 11:41:56'),
(624,2,'修改用户',78,0,1,'2018-04-18 11:42:01',1,'2018-04-18 11:42:01'),
(625,5,'修改部门',19,0,1,'2018-04-18 11:42:01',1,'2018-04-18 11:42:01'),
(626,2,'修改用户',425,0,1,'2018-04-18 11:42:14',1,'2018-04-18 11:42:14'),
(627,5,'修改部门',24,0,1,'2018-04-18 11:42:14',1,'2018-04-18 11:42:14'),
(628,3,'删除用户',6,0,1,'2018-04-18 11:42:23',1,'2018-04-18 11:42:23'),
(629,2,'修改用户',91,0,1,'2018-04-18 11:42:30',1,'2018-04-18 11:42:30'),
(630,5,'修改部门',25,0,1,'2018-04-18 11:42:30',1,'2018-04-18 11:42:30'),
(631,2,'修改用户',274,0,1,'2018-04-18 11:42:35',1,'2018-04-18 11:42:35'),
(632,5,'修改部门',26,0,1,'2018-04-18 11:42:35',1,'2018-04-18 11:42:35'),
(633,2,'修改用户',702,0,1,'2018-04-18 11:42:54',1,'2018-04-18 11:42:54'),
(634,5,'修改部门',60,0,1,'2018-04-18 11:42:54',1,'2018-04-18 11:42:54'),
(635,2,'修改用户',227,0,1,'2018-04-18 11:47:55',1,'2018-04-18 11:47:55'),
(636,2,'修改用户',227,0,1,'2018-04-18 11:48:12',1,'2018-04-18 11:48:12'),
(640,11,'修改物品',1,0,224,'2018-04-23 09:47:37',224,'2018-04-23 09:47:37'),
(641,7,'审批领用单',58,0,224,'2018-04-23 09:50:11',224,'2018-04-23 09:50:11'),
(642,1,'添加用户',703,0,224,'2018-04-23 13:45:49',224,'2018-04-23 13:45:49'),
(643,1,'添加用户',704,0,224,'2018-04-23 13:46:04',224,'2018-04-23 13:46:04'),
(644,2,'修改用户',704,0,224,'2018-04-23 13:46:10',224,'2018-04-23 13:46:10'),
(645,2,'修改用户',704,0,224,'2018-04-23 13:46:15',224,'2018-04-23 13:46:15'),
(646,3,'删除用户',704,0,224,'2018-04-23 13:46:21',224,'2018-04-23 13:46:21');

/*Table structure for table `rou_handle_type` */

DROP TABLE IF EXISTS `rou_handle_type`;

CREATE TABLE `rou_handle_type` (
  `handle_type_id` tinyint(4) unsigned NOT NULL AUTO_INCREMENT COMMENT '操作类型id',
  `handle_type_name` varchar(20) NOT NULL DEFAULT '' COMMENT '操作类型名',
  `del` tinyint(4) NOT NULL DEFAULT '0' COMMENT '逻辑删除',
  `modifier_id` int(11) NOT NULL DEFAULT '0' COMMENT '修改人',
  `modify_time` timestamp NOT NULL DEFAULT CURRENT_TIMESTAMP COMMENT '修改时间',
  `creator_id` int(11) NOT NULL COMMENT '创建人ID',
  `create_time` timestamp NOT NULL DEFAULT CURRENT_TIMESTAMP COMMENT '创建时间',
  PRIMARY KEY (`handle_type_id`)
) ENGINE=InnoDB AUTO_INCREMENT=16 DEFAULT CHARSET=utf8 COMMENT='管理员操作类型表';

/*Data for the table `rou_handle_type` */

insert  into `rou_handle_type`(`handle_type_id`,`handle_type_name`,`del`,`modifier_id`,`modify_time`,`creator_id`,`create_time`) values 
(1,'添加用户',0,1,'2018-04-02 09:26:50',1,'2018-04-02 09:26:50'),
(2,'修改用户',0,1,'2018-04-02 09:26:59',1,'2018-04-02 09:26:59'),
(3,'删除用户',0,1,'2018-04-02 09:27:10',1,'2018-04-02 09:27:10'),
(4,'添加部门',0,1,'2018-04-02 09:27:17',1,'2018-04-02 09:27:17'),
(5,'修改部门',0,1,'2018-04-02 09:27:21',1,'2018-04-02 09:27:21'),
(6,'删除部门',0,1,'2018-04-02 09:27:25',1,'2018-04-02 09:27:25'),
(7,'审批领用单',0,1,'2018-04-02 09:27:31',1,'2018-04-02 09:27:31'),
(8,'审批退还单',0,1,'2018-04-02 09:27:45',1,'2018-04-02 09:27:45'),
(9,'入库单',0,1,'2018-04-02 09:28:06',1,'2018-04-02 09:28:06'),
(10,'添加物品',0,1,'2018-04-02 09:28:14',1,'2018-04-02 09:28:14'),
(11,'修改物品',0,1,'2018-04-02 09:28:18',1,'2018-04-02 09:28:18'),
(12,'删除物品',0,1,'2018-04-02 09:28:23',1,'2018-04-02 09:28:23'),
(13,'添加物品类别',0,1,'2018-04-02 09:28:29',1,'2018-04-02 09:28:29'),
(14,'修改物品类别',0,1,'2018-04-02 09:28:37',1,'2018-04-02 09:28:37'),
(15,'删除物品类别',0,1,'2018-04-02 09:28:57',1,'2018-04-02 09:28:57');

/*Table structure for table `rou_notice` */

DROP TABLE IF EXISTS `rou_notice`;

CREATE TABLE `rou_notice` (
  `notice_id` int(11) unsigned NOT NULL AUTO_INCREMENT COMMENT '主键',
  `notice_name` varchar(64) NOT NULL DEFAULT '' COMMENT '消息通知名称',
  `handle_id` int(11) unsigned NOT NULL DEFAULT '0' COMMENT '创建消息的对象id',
  `notice_type` tinyint(4) unsigned NOT NULL DEFAULT '0' COMMENT '消息通知类型',
  `notice_content` varchar(128) NOT NULL DEFAULT '' COMMENT '消息通知内容',
  `del` tinyint(4) NOT NULL DEFAULT '0' COMMENT '是否删除',
  `modifier_id` int(11) unsigned DEFAULT '0' COMMENT '修改人id',
  `modify_time` timestamp NULL DEFAULT CURRENT_TIMESTAMP ON UPDATE CURRENT_TIMESTAMP COMMENT '修改时间',
  `creator_id` int(11) unsigned DEFAULT NULL COMMENT '创建者id',
  `create_time` timestamp NULL DEFAULT CURRENT_TIMESTAMP COMMENT '创建时间',
  PRIMARY KEY (`notice_id`),
  KEY `ix_notice_type` (`notice_type`) USING BTREE
) ENGINE=InnoDB AUTO_INCREMENT=83 DEFAULT CHARSET=utf8 COMMENT='消息通知表';

/*Data for the table `rou_notice` */

insert  into `rou_notice`(`notice_id`,`notice_name`,`handle_id`,`notice_type`,`notice_content`,`del`,`modifier_id`,`modify_time`,`creator_id`,`create_time`) values 
(33,'领用单据通知',22,1,'钟玉梅提交了审核',0,224,'2018-04-11 10:17:15',224,'2018-04-11 10:17:15'),
(65,'领用单据通知',45,1,'蒋雄彬提交了审核',0,1,'2018-04-13 14:20:19',1,'2018-04-13 14:20:19'),
(66,'领用单据通知',46,1,'蒋雄彬提交了审核',0,1,'2018-04-13 14:41:25',1,'2018-04-13 14:41:25'),
(67,'领用单据通知',47,1,'钟玉梅提交了审核',0,224,'2018-04-13 15:26:34',224,'2018-04-13 15:26:34'),
(68,'领用单据通知',48,1,'钟玉梅提交了审核',0,224,'2018-04-13 15:32:47',224,'2018-04-13 15:32:47'),
(69,'领用单据通知',49,1,'钟玉梅提交了审核',0,224,'2018-04-13 15:38:29',224,'2018-04-13 15:38:29'),
(71,'领用单据通知',51,1,'钟玉梅提交了审核',0,224,'2018-04-13 17:10:54',224,'2018-04-13 17:10:54'),
(72,'领用单据通知',52,1,'钟玉梅提交了审核',0,224,'2018-04-13 17:11:31',224,'2018-04-13 17:11:31'),
(75,'领用单据通知',54,1,'蒋雄彬提交了审核',0,1,'2018-04-17 16:23:34',1,'2018-04-17 16:23:34'),
(78,'库存通知',5,2,'高档白酒（五粮液）库存仅剩8件，请及时补充',0,0,'2018-04-17 16:24:12',NULL,'2018-04-17 16:24:12'),
(79,'领用单据通知',56,1,'张思达提交了审核',0,38,'2018-04-18 11:49:22',38,'2018-04-18 11:49:22'),
(80,'领用单据通知',57,1,'蒋雄彬提交了审核',0,1,'2018-04-18 13:59:16',1,'2018-04-18 13:59:16'),
(82,'库存通知',1,2,'笔记本库存仅剩72件，请及时补充',0,0,'2018-04-23 09:47:37',NULL,'2018-04-23 09:47:37');

/*Table structure for table `rou_role` */

DROP TABLE IF EXISTS `rou_role`;

CREATE TABLE `rou_role` (
  `role_id` tinyint(10) unsigned NOT NULL AUTO_INCREMENT COMMENT '角色id',
  `role_name` varchar(64) NOT NULL DEFAULT '' COMMENT '角色名',
  `del` tinyint(4) NOT NULL DEFAULT '0' COMMENT '逻辑删除',
  `modifier_id` int(11) unsigned NOT NULL DEFAULT '0' COMMENT '修改人',
  `modify_time` timestamp NOT NULL DEFAULT CURRENT_TIMESTAMP COMMENT '修改时间',
  `creator_id` int(11) unsigned NOT NULL DEFAULT '0' COMMENT '创建人ID',
  `create_time` timestamp NOT NULL DEFAULT CURRENT_TIMESTAMP COMMENT '创建时间',
  PRIMARY KEY (`role_id`)
) ENGINE=InnoDB AUTO_INCREMENT=4 DEFAULT CHARSET=utf8 COMMENT='角色表';

/*Data for the table `rou_role` */

insert  into `rou_role`(`role_id`,`role_name`,`del`,`modifier_id`,`modify_time`,`creator_id`,`create_time`) values 
(0,'普通员工',0,1,'2018-03-28 21:50:50',1,'2018-03-28 21:50:50'),
(1,'管理员',0,1,'2018-03-23 10:21:03',1,'2018-03-22 10:20:54'),
(2,'高级员工',0,1,'2018-03-28 21:51:32',1,'2018-03-28 21:51:32'),
(3,'超级员工',0,1,'2018-03-28 21:51:39',1,'2018-03-28 21:51:39');

/*Table structure for table `rou_user` */

DROP TABLE IF EXISTS `rou_user`;

CREATE TABLE `rou_user` (
  `user_id` int(11) unsigned NOT NULL AUTO_INCREMENT COMMENT '用户id',
  `user_code` varchar(32) NOT NULL DEFAULT '' COMMENT '职工工号',
  `user_name` varchar(64) NOT NULL DEFAULT '' COMMENT '职工姓名',
  `password` char(32) NOT NULL DEFAULT '' COMMENT '密码',
  `department_id` int(11) unsigned NOT NULL DEFAULT '0' COMMENT '所属部门id',
  `is_charger` tinyint(2) unsigned NOT NULL DEFAULT '0' COMMENT '是否费用归属人',
  `ware_item_power` varchar(64) DEFAULT '1' COMMENT '领用项目权限',
  `role_id` tinyint(4) unsigned NOT NULL DEFAULT '0' COMMENT '角色id',
  `del` tinyint(4) NOT NULL DEFAULT '0' COMMENT '是否删除',
  `modifier_id` int(11) unsigned NOT NULL DEFAULT '0' COMMENT '修改人id',
  `modify_time` timestamp NOT NULL DEFAULT CURRENT_TIMESTAMP ON UPDATE CURRENT_TIMESTAMP COMMENT '修改时间',
  `creator_id` int(11) unsigned NOT NULL DEFAULT '0' COMMENT '创建者id',
  `create_time` timestamp NOT NULL DEFAULT CURRENT_TIMESTAMP COMMENT '创建时间',
  PRIMARY KEY (`user_id`),
  UNIQUE KEY `uk_user_code` (`user_code`) USING BTREE
) ENGINE=InnoDB AUTO_INCREMENT=705 DEFAULT CHARSET=utf8 COMMENT='用户表';

/*Data for the table `rou_user` */

insert  into `rou_user`(`user_id`,`user_code`,`user_name`,`password`,`department_id`,`is_charger`,`ware_item_power`,`role_id`,`del`,`modifier_id`,`modify_time`,`creator_id`,`create_time`) values 
(1,'WZW-000608','蒋雄彬','202cb962ac59075b964b07152d234b70',8,1,'1,2,3,4',1,0,1,'2018-04-17 14:32:29',1,'2018-04-02 09:42:14'),
(2,'wzw-000454','陈月红','202cb962ac59075b964b07152d234b70',62,0,'1',2,0,1,'2018-04-16 13:21:53',1,'2018-04-02 09:49:26'),
(3,'wzw-000037-1','张雅萍1','202cb962ac59075b964b07152d234b70',8,0,'13,5,7',0,0,224,'2018-04-16 13:21:53',1,'2018-04-02 09:49:26'),
(4,'WZW-000239','陈良财','202cb962ac59075b964b07152d234b70',1,0,'1',0,0,1,'2018-04-18 10:33:01',1,'2018-04-02 09:49:26'),
(5,'WZW-000285','薛一婵','202cb962ac59075b964b07152d234b70',4,0,'1',0,0,224,'2018-04-16 12:49:29',1,'2018-04-02 09:49:26'),
(6,'WZW-000001-1','张思达','202cb962ac59075b964b07152d234b70',24,0,'1',0,1,1,'2018-04-18 11:42:23',1,'2018-04-02 09:49:26'),
(7,'WZW-000029-1','张红英','202cb962ac59075b964b07152d234b70',1,0,'1',0,0,1,'2018-04-16 12:49:29',1,'2018-04-02 09:49:26'),
(8,'WZW-000235-1','李丽秋1','202cb962ac59075b964b07152d234b70',4,0,'1',0,1,1,'2018-04-18 10:37:18',1,'2018-04-02 09:49:26'),
(9,'WZW-000240','曾振经','202cb962ac59075b964b07152d234b70',5,0,'1',0,0,1,'2018-04-16 12:49:29',1,'2018-04-02 09:49:26'),
(10,'WZW-000241','李珊珊','202cb962ac59075b964b07152d234b70',1,0,'1',0,0,1,'2018-04-16 12:49:29',1,'2018-04-02 09:49:26'),
(11,'WZW-000242','黄伟龙','202cb962ac59075b964b07152d234b70',4,0,'1',0,0,1,'2018-04-16 12:49:29',1,'2018-04-02 09:49:26'),
(12,'WZW-000243','沈贵烽','202cb962ac59075b964b07152d234b70',5,0,'1',0,0,1,'2018-04-16 12:49:29',1,'2018-04-02 09:49:26'),
(13,'WZW-000244','刘宇','202cb962ac59075b964b07152d234b70',1,0,'1',0,0,1,'2018-04-16 12:49:29',1,'2018-04-02 09:49:26'),
(14,'WZW-000245','陈淑真','202cb962ac59075b964b07152d234b70',4,0,'1',0,0,1,'2018-04-16 12:49:29',1,'2018-04-02 09:49:26'),
(15,'WZW-000246','崔盈凯','202cb962ac59075b964b07152d234b70',5,0,'1',0,0,1,'2018-04-16 12:49:29',1,'2018-04-02 09:49:26'),
(16,'sxs-0002','苏丽娜','202cb962ac59075b964b07152d234b70',1,0,'1',0,0,1,'2018-04-16 12:49:29',1,'2018-04-02 09:49:26'),
(17,'WZW-000294','林鑫','202cb962ac59075b964b07152d234b70',4,0,'1',0,0,1,'2018-04-16 12:49:29',1,'2018-04-02 09:49:26'),
(18,'WZW-000293','李季','202cb962ac59075b964b07152d234b70',46,1,'1,2',0,0,1,'2018-04-18 11:11:31',1,'2018-04-02 09:49:26'),
(19,'WZW-000007-7','徐文章1','202cb962ac59075b964b07152d234b70',1,0,'1',0,1,1,'2018-04-18 11:27:34',1,'2018-04-02 09:49:26'),
(20,'WZW-000247','吴嘉盛','202cb962ac59075b964b07152d234b70',4,0,'1',0,0,1,'2018-04-16 12:49:29',1,'2018-04-02 09:49:26'),
(21,'WZW-000248','阮瑛琦','202cb962ac59075b964b07152d234b70',5,0,'1',0,0,1,'2018-04-16 12:49:29',1,'2018-04-02 09:49:26'),
(22,'WZW-000249','廖怡鑫','202cb962ac59075b964b07152d234b70',1,0,'1',0,0,1,'2018-04-16 12:49:29',1,'2018-04-02 09:49:26'),
(23,'WZW-000250','刘艳','202cb962ac59075b964b07152d234b70',46,1,'1,2',0,0,1,'2018-04-18 11:12:55',1,'2018-04-02 09:49:26'),
(24,'WZW-000251','陈娜明','202cb962ac59075b964b07152d234b70',5,0,'1',0,0,1,'2018-04-16 12:49:29',1,'2018-04-02 09:49:26'),
(25,'WZW-000252','朱彦颖','202cb962ac59075b964b07152d234b70',1,0,'1',0,0,1,'2018-04-16 12:49:29',1,'2018-04-02 09:49:26'),
(26,'WZW-000253','张丽影','202cb962ac59075b964b07152d234b70',4,0,'1',0,0,1,'2018-04-16 12:49:29',1,'2018-04-02 09:49:26'),
(27,'WZW-000254','吕小静','202cb962ac59075b964b07152d234b70',4,0,'1',0,0,1,'2018-04-18 11:33:39',1,'2018-04-02 09:49:26'),
(28,'WZW-000255','张廷斌','202cb962ac59075b964b07152d234b70',1,0,'1',0,0,1,'2018-04-16 12:49:29',1,'2018-04-02 09:49:26'),
(29,'WZW-000256','庞甜','202cb962ac59075b964b07152d234b70',4,0,'1',0,0,1,'2018-04-16 12:49:29',1,'2018-04-02 09:49:26'),
(30,'WZW-000257','李宇炜','202cb962ac59075b964b07152d234b70',5,0,'1',0,0,1,'2018-04-16 12:49:29',1,'2018-04-02 09:49:26'),
(31,'sxs-0006','王瑟玲','202cb962ac59075b964b07152d234b70',1,0,'1',0,0,1,'2018-04-16 12:49:29',1,'2018-04-02 09:49:26'),
(32,'WZW-000258','米建立','202cb962ac59075b964b07152d234b70',4,0,'1',0,0,1,'2018-04-16 12:49:29',1,'2018-04-02 09:49:26'),
(33,'WZW-000259','林虹廷','202cb962ac59075b964b07152d234b70',5,0,'1',0,0,1,'2018-04-16 12:49:29',1,'2018-04-02 09:49:26'),
(34,'WZW-000260','陈璐','202cb962ac59075b964b07152d234b70',1,0,'1',0,0,1,'2018-04-16 12:49:29',1,'2018-04-02 09:49:26'),
(35,'WZW-000261','洪妹','202cb962ac59075b964b07152d234b70',4,0,'1',0,0,1,'2018-04-16 12:49:29',1,'2018-04-02 09:49:26'),
(36,'WZW-000263','田琪琛','202cb962ac59075b964b07152d234b70',31,0,'1',0,0,1,'2018-04-16 12:49:29',1,'2018-04-02 09:49:26'),
(37,'WZW-000264','蔡月凤','202cb962ac59075b964b07152d234b70',1,0,'1',0,0,1,'2018-04-16 12:49:29',1,'2018-04-02 09:49:26'),
(38,'WZW-000001','张思达','202cb962ac59075b964b07152d234b70',4,0,'1',1,0,1,'2018-04-16 12:49:29',1,'2018-04-02 09:49:26'),
(39,'WZW-000002','阳嫔虹','202cb962ac59075b964b07152d234b70',5,0,'1',2,0,1,'2018-04-16 12:49:29',1,'2018-04-02 09:49:26'),
(40,'WZW-000003','刘青','202cb962ac59075b964b07152d234b70',46,1,'1',0,0,1,'2018-04-18 10:51:05',1,'2018-04-02 09:49:26'),
(41,'WZW-000004','陈爱兰','202cb962ac59075b964b07152d234b70',0,0,'1',0,0,1,'2018-04-16 12:49:29',1,'2018-04-02 09:49:26'),
(42,'WZW-000005','杨丽娟','202cb962ac59075b964b07152d234b70',4,0,'1',0,0,1,'2018-04-16 12:49:29',1,'2018-04-02 09:49:26'),
(43,'WZW-000006','刘莉','202cb962ac59075b964b07152d234b70',46,1,'1,2',0,0,1,'2018-04-18 11:12:31',1,'2018-04-02 09:49:26'),
(44,'WZW-000007','徐文章','202cb962ac59075b964b07152d234b70',57,0,'1',0,0,1,'2018-04-18 11:27:42',1,'2018-04-02 09:49:26'),
(45,'WZW-000008','谢计生','202cb962ac59075b964b07152d234b70',4,0,'1',0,0,1,'2018-04-16 12:49:29',1,'2018-04-02 09:49:26'),
(46,'WZW-000009','杨满英','202cb962ac59075b964b07152d234b70',5,0,'1',0,0,1,'2018-04-16 12:49:29',1,'2018-04-02 09:49:26'),
(47,'WZW-000010','许华辉','202cb962ac59075b964b07152d234b70',32,0,'1',0,0,1,'2018-04-16 12:49:29',1,'2018-04-02 09:49:26'),
(48,'WZW-000011','张顺娇','202cb962ac59075b964b07152d234b70',53,1,'1',0,0,1,'2018-04-18 10:39:10',1,'2018-04-02 09:49:26'),
(49,'WZW-000012','刘茜','202cb962ac59075b964b07152d234b70',65,0,'1',0,0,1,'2018-04-16 12:49:29',1,'2018-04-02 09:49:26'),
(50,'WZW-000013','麦海强','202cb962ac59075b964b07152d234b70',1,0,'1',0,0,1,'2018-04-16 12:49:29',1,'2018-04-02 09:49:26'),
(51,'WZW-000014','吴海燕','202cb962ac59075b964b07152d234b70',4,0,'1',0,0,1,'2018-04-16 12:49:29',1,'2018-04-02 09:49:26'),
(52,'WZW-000015','官小军','202cb962ac59075b964b07152d234b70',5,0,'1',0,0,1,'2018-04-16 12:49:29',1,'2018-04-02 09:49:26'),
(53,'WZW-000016','梁华','202cb962ac59075b964b07152d234b70',2,1,'1',0,0,1,'2018-04-17 15:11:23',1,'2018-04-02 09:49:26'),
(54,'WZW-000017','林剑瑜','202cb962ac59075b964b07152d234b70',4,0,'1',0,0,1,'2018-04-16 12:49:29',1,'2018-04-02 09:49:26'),
(55,'WZW-000018','谢建英','202cb962ac59075b964b07152d234b70',1,0,'1',0,0,1,'2018-04-16 12:49:29',1,'2018-04-02 09:49:26'),
(56,'WZW-000019','陈娟娟','202cb962ac59075b964b07152d234b70',4,0,'1',0,0,1,'2018-04-18 11:33:30',1,'2018-04-02 09:49:26'),
(57,'WZW-000020','林婵','202cb962ac59075b964b07152d234b70',61,0,'1',0,1,224,'2018-04-16 12:49:29',1,'2018-04-02 09:49:26'),
(58,'WZW-000021','白华伟','202cb962ac59075b964b07152d234b70',5,0,'1',0,0,1,'2018-04-16 12:49:29',1,'2018-04-02 09:49:26'),
(59,'WZW-000022','刘华英','202cb962ac59075b964b07152d234b70',17,0,'1',0,0,1,'2018-04-18 11:39:50',1,'2018-04-02 09:49:26'),
(60,'WZW-000023','陈醒南','202cb962ac59075b964b07152d234b70',7,1,'1',0,0,1,'2018-04-18 11:32:05',1,'2018-04-02 09:49:26'),
(61,'WZW-000024','赵鸣凤','202cb962ac59075b964b07152d234b70',5,0,'1',0,0,1,'2018-04-16 12:49:29',1,'2018-04-02 09:49:26'),
(62,'WZW-000025','陈艺红','202cb962ac59075b964b07152d234b70',54,0,'1',0,0,1,'2018-04-18 10:45:53',1,'2018-04-02 09:49:26'),
(63,'WZW-000026','李海林','202cb962ac59075b964b07152d234b70',4,0,'1',0,0,1,'2018-04-16 12:49:29',1,'2018-04-02 09:49:26'),
(64,'WZW-000027','陈惠玩','202cb962ac59075b964b07152d234b70',46,0,'1',0,0,1,'2018-04-18 10:52:43',1,'2018-04-02 09:49:26'),
(65,'WZW-000028','李友兰','202cb962ac59075b964b07152d234b70',1,0,'1',0,0,1,'2018-04-16 12:49:29',1,'2018-04-02 09:49:26'),
(66,'WZW-000029','张红英','202cb962ac59075b964b07152d234b70',4,0,'1',0,0,1,'2018-04-16 12:49:29',1,'2018-04-02 09:49:26'),
(67,'WZW-000030','李少华','202cb962ac59075b964b07152d234b70',5,0,'1',0,0,1,'2018-04-16 12:49:29',1,'2018-04-02 09:49:26'),
(68,'WZW-000031','郑志森','202cb962ac59075b964b07152d234b70',56,0,'1',0,0,1,'2018-04-18 11:23:36',1,'2018-04-02 09:49:26'),
(69,'WZW-000032','张玉娥','202cb962ac59075b964b07152d234b70',6,1,'1',0,0,1,'2018-04-18 11:37:26',1,'2018-04-02 09:49:26'),
(70,'WZW-000033','沈洁','202cb962ac59075b964b07152d234b70',11,1,'1',0,0,1,'2018-04-18 11:38:18',1,'2018-04-02 09:49:26'),
(71,'WZW-000034','卢友洋','202cb962ac59075b964b07152d234b70',1,0,'1',0,0,1,'2018-04-16 12:49:29',1,'2018-04-02 09:49:26'),
(72,'WZW-000035','张奋志','202cb962ac59075b964b07152d234b70',55,1,'1',0,0,1,'2018-04-18 11:22:13',1,'2018-04-02 09:49:26'),
(73,'WZW-000036','叶晓光','202cb962ac59075b964b07152d234b70',5,0,'1',0,0,1,'2018-04-16 12:49:29',1,'2018-04-02 09:49:26'),
(74,'WZW-000037','张雅萍','202cb962ac59075b964b07152d234b70',1,0,'1',0,0,1,'2018-04-16 12:49:29',1,'2018-04-02 09:49:26'),
(75,'WZW-000038','郑松','202cb962ac59075b964b07152d234b70',4,0,'1',0,0,1,'2018-04-16 12:49:29',1,'2018-04-02 09:49:26'),
(76,'WZW-000039','吴真珠','202cb962ac59075b964b07152d234b70',5,0,'1',0,0,1,'2018-04-16 12:49:29',1,'2018-04-02 09:49:26'),
(77,'WZW-000040','洪良灿','202cb962ac59075b964b07152d234b70',1,0,'1',0,0,1,'2018-04-16 12:49:29',1,'2018-04-02 09:49:26'),
(78,'WZW-000041','欧阳宣来','202cb962ac59075b964b07152d234b70',19,1,'1',0,0,1,'2018-04-18 11:40:00',1,'2018-04-02 09:49:26'),
(79,'WZW-000042','赵静','202cb962ac59075b964b07152d234b70',3,1,'1',0,0,1,'2018-04-18 11:38:49',1,'2018-04-02 09:49:26'),
(80,'WZW-000043','徐妍','202cb962ac59075b964b07152d234b70',1,0,'1',0,0,1,'2018-04-16 12:49:29',1,'2018-04-02 09:49:26'),
(81,'WZW-000045','孙侨林','202cb962ac59075b964b07152d234b70',23,0,'1',0,0,1,'2018-04-18 10:59:24',1,'2018-04-02 09:49:26'),
(82,'WZW-000046','陈晓芳','202cb962ac59075b964b07152d234b70',5,0,'1',0,0,1,'2018-04-16 12:49:29',1,'2018-04-02 09:49:26'),
(83,'WZW-000047','曾凡钦','202cb962ac59075b964b07152d234b70',1,0,'1',0,0,1,'2018-04-16 12:49:29',1,'2018-04-02 09:49:26'),
(84,'WZW-000048','陈萍霞','202cb962ac59075b964b07152d234b70',46,1,'1,2',0,0,1,'2018-04-18 11:15:27',1,'2018-04-02 09:49:26'),
(85,'WZW-000049','傅连枝','202cb962ac59075b964b07152d234b70',5,0,'1',0,0,1,'2018-04-16 12:49:29',1,'2018-04-02 09:49:26'),
(86,'WZW-000050','林月香','202cb962ac59075b964b07152d234b70',1,1,'1',0,0,1,'2018-04-17 14:34:22',1,'2018-04-02 09:49:26'),
(87,'WZW-000051','曾鹭辉','202cb962ac59075b964b07152d234b70',4,0,'1',0,0,1,'2018-04-16 12:49:29',1,'2018-04-02 09:49:26'),
(88,'WZW-000052','杨文彬','202cb962ac59075b964b07152d234b70',5,0,'1',0,0,1,'2018-04-16 12:49:29',1,'2018-04-02 09:49:26'),
(89,'WZW-000053','沈宝娣','202cb962ac59075b964b07152d234b70',1,0,'1',0,0,1,'2018-04-16 12:49:29',1,'2018-04-02 09:49:26'),
(90,'WZW-000054','张勇达','202cb962ac59075b964b07152d234b70',4,0,'1',0,0,1,'2018-04-16 12:49:29',1,'2018-04-02 09:49:26'),
(91,'WZW-000055','吴雨江','202cb962ac59075b964b07152d234b70',25,1,'1',0,0,1,'2018-04-18 11:42:30',1,'2018-04-02 09:49:26'),
(92,'WZW-000056','吴达远','202cb962ac59075b964b07152d234b70',1,0,'1',0,0,1,'2018-04-16 12:49:29',1,'2018-04-02 09:49:26'),
(93,'WZW-000057','刘成坤','202cb962ac59075b964b07152d234b70',4,0,'1',0,0,1,'2018-04-16 12:49:29',1,'2018-04-02 09:49:26'),
(94,'WZW-000058','黄晓芝','202cb962ac59075b964b07152d234b70',5,0,'1',0,0,1,'2018-04-16 12:49:29',1,'2018-04-02 09:49:26'),
(95,'WZW-000059','黄泽平','202cb962ac59075b964b07152d234b70',1,0,'1',0,0,1,'2018-04-16 12:49:29',1,'2018-04-02 09:49:26'),
(96,'WZW-000060','李宇鹏','202cb962ac59075b964b07152d234b70',4,0,'1',0,0,1,'2018-04-16 12:49:29',1,'2018-04-02 09:49:26'),
(97,'WZW-000061','雷纯','202cb962ac59075b964b07152d234b70',5,0,'1',0,0,1,'2018-04-16 12:49:29',1,'2018-04-02 09:49:26'),
(98,'WZW-000062','罗秋菊','202cb962ac59075b964b07152d234b70',1,0,'1',0,0,1,'2018-04-16 12:49:29',1,'2018-04-02 09:49:26'),
(99,'WZW-000063','赖万娣','202cb962ac59075b964b07152d234b70',4,0,'1',0,0,1,'2018-04-16 12:49:29',1,'2018-04-02 09:49:26'),
(100,'WZW-000064','周南彬','202cb962ac59075b964b07152d234b70',5,0,'1',0,0,1,'2018-04-16 12:49:29',1,'2018-04-02 09:49:26'),
(101,'WZW-000065','黄显长','202cb962ac59075b964b07152d234b70',1,0,'1',0,0,1,'2018-04-16 12:49:29',1,'2018-04-02 09:49:26'),
(102,'WZW-000066','刘姝虹','202cb962ac59075b964b07152d234b70',4,0,'1',0,0,1,'2018-04-16 12:49:29',1,'2018-04-02 09:49:26'),
(103,'WZW-000067','柯美玲','202cb962ac59075b964b07152d234b70',5,0,'1',0,0,1,'2018-04-16 12:49:29',1,'2018-04-02 09:49:26'),
(104,'WZW-000068','施琦伟','202cb962ac59075b964b07152d234b70',1,0,'1',0,0,1,'2018-04-16 12:49:29',1,'2018-04-02 09:49:26'),
(105,'WZW-000069','曾衍冬','202cb962ac59075b964b07152d234b70',4,0,'1',0,0,1,'2018-04-16 12:49:29',1,'2018-04-02 09:49:26'),
(106,'WZW-000070','李鑫','202cb962ac59075b964b07152d234b70',5,0,'1',0,0,1,'2018-04-16 12:49:29',1,'2018-04-02 09:49:26'),
(107,'WZW-000071','郑文香','202cb962ac59075b964b07152d234b70',1,0,'1',0,0,1,'2018-04-16 12:49:29',1,'2018-04-02 09:49:26'),
(108,'WZW-000072','陈钰平','202cb962ac59075b964b07152d234b70',4,0,'1',0,0,1,'2018-04-16 12:49:29',1,'2018-04-02 09:49:26'),
(109,'WZW-000073','陈小云','202cb962ac59075b964b07152d234b70',5,0,'1',0,0,1,'2018-04-16 12:49:29',1,'2018-04-02 09:49:27'),
(110,'WZW-000074','陈艺茹','202cb962ac59075b964b07152d234b70',1,0,'1',0,0,1,'2018-04-16 12:49:29',1,'2018-04-02 09:49:27'),
(111,'WZW-000075','邢孟倩','202cb962ac59075b964b07152d234b70',4,0,'1',0,0,1,'2018-04-16 12:49:29',1,'2018-04-02 09:49:27'),
(112,'WZW-000076','方旭','202cb962ac59075b964b07152d234b70',5,0,'1',0,0,1,'2018-04-16 12:49:29',1,'2018-04-02 09:49:27'),
(113,'WZW-000077','张皇富','202cb962ac59075b964b07152d234b70',1,0,'1',0,0,1,'2018-04-16 12:49:29',1,'2018-04-02 09:49:27'),
(114,'WZW-000078','甘彩红','202cb962ac59075b964b07152d234b70',4,0,'1',0,0,1,'2018-04-16 12:49:29',1,'2018-04-02 09:49:27'),
(115,'WZW-000079','杨剑峰','202cb962ac59075b964b07152d234b70',5,0,'1',0,0,1,'2018-04-16 12:49:29',1,'2018-04-02 09:49:27'),
(116,'WZW-000080','谢尚记','202cb962ac59075b964b07152d234b70',1,0,'1',0,0,1,'2018-04-16 12:49:29',1,'2018-04-02 09:49:27'),
(117,'WZW-000081','刘婷','202cb962ac59075b964b07152d234b70',4,0,'1',0,0,1,'2018-04-16 12:49:29',1,'2018-04-02 09:49:27'),
(118,'WZW-000082','潘皖','202cb962ac59075b964b07152d234b70',4,0,'1,2',0,0,1,'2018-04-18 11:33:12',1,'2018-04-02 09:49:27'),
(119,'WZW-000083','谢文雅','202cb962ac59075b964b07152d234b70',1,0,'1',0,0,1,'2018-04-16 12:49:29',1,'2018-04-02 09:49:27'),
(120,'WZW-000084','刘友礼','202cb962ac59075b964b07152d234b70',4,0,'1',0,0,1,'2018-04-16 12:49:29',1,'2018-04-02 09:49:27'),
(121,'WZW-000085','李火荣','202cb962ac59075b964b07152d234b70',5,0,'1',0,0,1,'2018-04-16 12:49:29',1,'2018-04-02 09:49:27'),
(122,'WZW-000086','魏文通','202cb962ac59075b964b07152d234b70',1,0,'1',0,0,1,'2018-04-16 12:49:29',1,'2018-04-02 09:49:27'),
(123,'WZW-000087','朱一强','202cb962ac59075b964b07152d234b70',4,0,'1',0,0,1,'2018-04-16 12:49:29',1,'2018-04-02 09:49:27'),
(124,'WZW-000088','黄献龙','202cb962ac59075b964b07152d234b70',5,0,'1',0,0,1,'2018-04-16 12:49:29',1,'2018-04-02 09:49:27'),
(125,'WZW-000089','谢梅芬','202cb962ac59075b964b07152d234b70',1,0,'1',0,0,1,'2018-04-16 12:49:29',1,'2018-04-02 09:49:27'),
(126,'WZW-000090','阮敬望','202cb962ac59075b964b07152d234b70',4,0,'1',0,0,1,'2018-04-16 12:49:29',1,'2018-04-02 09:49:27'),
(127,'WZW-000091','陈琳丽','202cb962ac59075b964b07152d234b70',5,0,'1',0,0,1,'2018-04-16 12:49:29',1,'2018-04-02 09:49:27'),
(128,'WZW-000092','陈晓文','202cb962ac59075b964b07152d234b70',46,1,'1,2',0,0,1,'2018-04-18 11:19:42',1,'2018-04-02 09:49:27'),
(129,'WZW-000093','吴昊','202cb962ac59075b964b07152d234b70',4,0,'1',0,0,1,'2018-04-16 12:49:29',1,'2018-04-02 09:49:27'),
(130,'WZW-000094','张晓莉','202cb962ac59075b964b07152d234b70',58,1,'1',0,0,1,'2018-04-18 11:29:03',1,'2018-04-02 09:49:27'),
(131,'WZW-000095','叶玲玲','202cb962ac59075b964b07152d234b70',1,0,'1',0,0,1,'2018-04-16 12:49:29',1,'2018-04-02 09:49:27'),
(132,'WZW-000096','刘文英','202cb962ac59075b964b07152d234b70',4,0,'1',0,0,1,'2018-04-16 12:49:29',1,'2018-04-02 09:49:27'),
(133,'WZW-000097','刘晓东','202cb962ac59075b964b07152d234b70',4,0,'1',0,0,1,'2018-04-16 12:49:29',1,'2018-04-02 09:49:27'),
(134,'WZW-000098','陈云强','202cb962ac59075b964b07152d234b70',4,0,'1',0,0,1,'2018-04-16 12:49:29',1,'2018-04-02 09:49:27'),
(135,'WZW-000099','陈小宝','202cb962ac59075b964b07152d234b70',4,0,'1',0,0,1,'2018-04-16 12:49:29',1,'2018-04-02 09:49:27'),
(136,'WZW-000100','洪小钰','202cb962ac59075b964b07152d234b70',4,0,'1',0,0,1,'2018-04-16 12:49:29',1,'2018-04-02 09:49:27'),
(137,'WZW-000101','陈荣富','202cb962ac59075b964b07152d234b70',9,1,'1',0,0,1,'2018-04-18 11:37:57',1,'2018-04-02 09:49:27'),
(138,'WZW-000102','杨景裕','202cb962ac59075b964b07152d234b70',4,0,'1',0,0,1,'2018-04-16 12:49:29',1,'2018-04-02 09:49:27'),
(139,'WZW-000103','黄雯','202cb962ac59075b964b07152d234b70',4,0,'1',0,0,1,'2018-04-16 12:49:29',1,'2018-04-02 09:49:27'),
(140,'WZW-000104','赵龙湘','202cb962ac59075b964b07152d234b70',4,0,'1',0,0,1,'2018-04-16 12:49:29',1,'2018-04-02 09:49:27'),
(141,'WZW-000105','张华阳','202cb962ac59075b964b07152d234b70',4,0,'1',0,0,1,'2018-04-16 12:49:29',1,'2018-04-02 09:49:27'),
(142,'WZW-000106','张雪玲','202cb962ac59075b964b07152d234b70',4,0,'1',0,0,1,'2018-04-16 12:49:29',1,'2018-04-02 09:49:27'),
(143,'WZW-000107','张雪晶','202cb962ac59075b964b07152d234b70',4,0,'1',0,0,1,'2018-04-16 12:49:29',1,'2018-04-02 09:49:27'),
(144,'WZW-000108','肖木林','202cb962ac59075b964b07152d234b70',4,0,'1',0,0,1,'2018-04-16 12:49:29',1,'2018-04-02 09:49:27'),
(145,'WZW-000109','王良彬','202cb962ac59075b964b07152d234b70',4,0,'1',0,0,1,'2018-04-16 12:49:29',1,'2018-04-02 09:49:27'),
(146,'WZW-000110','江丽娜','202cb962ac59075b964b07152d234b70',4,0,'1',0,0,1,'2018-04-16 12:49:29',1,'2018-04-02 09:49:27'),
(147,'WZW-000111','廖婉弟','202cb962ac59075b964b07152d234b70',4,0,'1',0,0,1,'2018-04-16 12:49:29',1,'2018-04-02 09:49:27'),
(148,'WZW-000112','林锐颖','202cb962ac59075b964b07152d234b70',4,0,'1',0,0,1,'2018-04-16 12:49:29',1,'2018-04-02 09:49:27'),
(149,'WZW-000113','吴霞','202cb962ac59075b964b07152d234b70',4,1,'1',0,0,1,'2018-04-18 11:32:29',1,'2018-04-02 09:49:27'),
(150,'WZW-000114','王小燕','202cb962ac59075b964b07152d234b70',4,0,'1',0,0,1,'2018-04-16 12:49:29',1,'2018-04-02 09:49:27'),
(151,'WZW-000115','严志华','202cb962ac59075b964b07152d234b70',4,0,'1',0,0,1,'2018-04-16 12:49:29',1,'2018-04-02 09:49:27'),
(152,'WZW-000116','吴志勇','202cb962ac59075b964b07152d234b70',4,0,'1',0,0,1,'2018-04-16 12:49:29',1,'2018-04-02 09:49:27'),
(153,'WZW-000117','陈隆灿','202cb962ac59075b964b07152d234b70',4,0,'1',0,0,1,'2018-04-16 12:49:29',1,'2018-04-02 09:49:27'),
(154,'WZW-000118','郭烟城','202cb962ac59075b964b07152d234b70',4,0,'1',0,0,1,'2018-04-16 12:49:29',1,'2018-04-02 09:49:27'),
(155,'WZW-000119','谢自灵','202cb962ac59075b964b07152d234b70',4,0,'1',0,0,1,'2018-04-16 12:49:29',1,'2018-04-02 09:49:27'),
(156,'WZW-000120','张展','202cb962ac59075b964b07152d234b70',4,0,'1',0,0,1,'2018-04-16 12:49:29',1,'2018-04-02 09:49:27'),
(157,'WZW-000121','李淑娥','202cb962ac59075b964b07152d234b70',4,0,'1',0,0,1,'2018-04-16 12:49:29',1,'2018-04-02 09:49:27'),
(158,'WZW-000122','林燕云','202cb962ac59075b964b07152d234b70',4,0,'1',0,0,1,'2018-04-16 12:49:29',1,'2018-04-02 09:49:27'),
(159,'WZW-000123','杨涛','202cb962ac59075b964b07152d234b70',4,0,'1',0,0,1,'2018-04-16 12:49:29',1,'2018-04-02 09:49:27'),
(160,'WZW-000124','杨荣源','202cb962ac59075b964b07152d234b70',4,0,'1',0,0,1,'2018-04-16 12:49:29',1,'2018-04-02 09:49:27'),
(161,'WZW-000125','黄娜艺','202cb962ac59075b964b07152d234b70',4,0,'1',0,0,1,'2018-04-16 12:49:29',1,'2018-04-02 09:49:27'),
(162,'WZW-000126','余兴','202cb962ac59075b964b07152d234b70',4,0,'1',0,0,1,'2018-04-16 12:49:29',1,'2018-04-02 09:49:27'),
(163,'WZW-000127','陈建榕','202cb962ac59075b964b07152d234b70',48,1,'1',0,0,1,'2018-04-17 15:12:43',1,'2018-04-02 09:49:27'),
(164,'WZW-000128','蔡火生','202cb962ac59075b964b07152d234b70',4,0,'1',0,0,1,'2018-04-16 12:49:29',1,'2018-04-02 09:49:27'),
(165,'WZW-000129','陈立勤','202cb962ac59075b964b07152d234b70',4,0,'1',0,0,1,'2018-04-16 12:49:29',1,'2018-04-02 09:49:27'),
(166,'WZW-000130','林灵','202cb962ac59075b964b07152d234b70',4,0,'1',0,0,1,'2018-04-16 12:49:29',1,'2018-04-02 09:49:27'),
(167,'WZW-000131','曾祥林','202cb962ac59075b964b07152d234b70',4,0,'1',0,0,1,'2018-04-16 12:49:29',1,'2018-04-02 09:49:27'),
(168,'WZW-000132','陈参煌','202cb962ac59075b964b07152d234b70',4,0,'1',0,0,1,'2018-04-16 12:49:29',1,'2018-04-02 09:49:27'),
(169,'WZW-000133','陈建云','202cb962ac59075b964b07152d234b70',4,0,'1',0,0,1,'2018-04-16 12:49:29',1,'2018-04-02 09:49:27'),
(170,'WZW-000134','方超','202cb962ac59075b964b07152d234b70',4,0,'1',0,0,1,'2018-04-16 12:49:29',1,'2018-04-02 09:49:27'),
(171,'WZW-000135','梁兰亭','202cb962ac59075b964b07152d234b70',58,0,'1',0,0,1,'2018-04-18 11:30:58',1,'2018-04-02 09:49:27'),
(172,'WZW-000136','林添莲','202cb962ac59075b964b07152d234b70',4,0,'1',0,0,1,'2018-04-16 12:49:29',1,'2018-04-02 09:49:27'),
(173,'WZW-000137','江桂红','202cb962ac59075b964b07152d234b70',4,0,'1',0,0,1,'2018-04-16 12:49:29',1,'2018-04-02 09:49:27'),
(174,'WZW-000138','王夏发','202cb962ac59075b964b07152d234b70',4,0,'1',0,0,1,'2018-04-16 12:49:29',1,'2018-04-02 09:49:27'),
(175,'WZW-000139','叶晓燕','202cb962ac59075b964b07152d234b70',52,0,'1',0,0,1,'2018-04-18 10:38:14',1,'2018-04-02 09:49:27'),
(176,'WZW-000140','龚倩','202cb962ac59075b964b07152d234b70',53,0,'1',0,0,1,'2018-04-18 10:41:04',1,'2018-04-02 09:49:27'),
(177,'WZW-000141','谢晓玲','202cb962ac59075b964b07152d234b70',4,0,'1',0,0,1,'2018-04-16 12:49:29',1,'2018-04-02 09:49:27'),
(178,'WZW-000142','谢桂荣','202cb962ac59075b964b07152d234b70',4,0,'1',0,0,1,'2018-04-16 12:49:29',1,'2018-04-02 09:49:27'),
(179,'WZW-000143','陈京晶','202cb962ac59075b964b07152d234b70',4,0,'1',0,0,1,'2018-04-16 12:49:29',1,'2018-04-02 09:49:27'),
(180,'WZW-000144','陈江淮','202cb962ac59075b964b07152d234b70',4,0,'1',0,0,1,'2018-04-16 12:49:29',1,'2018-04-02 09:49:27'),
(181,'WZW-000145','林琼珍','202cb962ac59075b964b07152d234b70',4,0,'1',0,0,1,'2018-04-16 12:49:29',1,'2018-04-02 09:49:27'),
(182,'WZW-000146','吴志颖','202cb962ac59075b964b07152d234b70',4,0,'1',0,0,1,'2018-04-16 12:49:29',1,'2018-04-02 09:49:27'),
(183,'WZW-000147','黄志根','202cb962ac59075b964b07152d234b70',4,0,'1',0,0,1,'2018-04-16 12:49:29',1,'2018-04-02 09:49:27'),
(184,'WZW-000148','郭小沛','202cb962ac59075b964b07152d234b70',4,0,'1',0,0,1,'2018-04-16 12:49:29',1,'2018-04-02 09:49:27'),
(185,'WZW-000149','陈鹭帆','202cb962ac59075b964b07152d234b70',4,0,'1',0,0,1,'2018-04-16 12:49:29',1,'2018-04-02 09:49:27'),
(186,'WZW-000150','蒋凯霞','202cb962ac59075b964b07152d234b70',56,1,'1',0,0,1,'2018-04-18 11:22:22',1,'2018-04-02 09:49:27'),
(187,'WZW-000151','李清','202cb962ac59075b964b07152d234b70',4,0,'1',0,0,1,'2018-04-16 12:49:29',1,'2018-04-02 09:49:27'),
(188,'WZW-000152','陈志育','202cb962ac59075b964b07152d234b70',4,0,'1',0,0,1,'2018-04-16 12:49:29',1,'2018-04-02 09:49:27'),
(189,'WZW-000153','林文青','202cb962ac59075b964b07152d234b70',4,0,'1',0,0,1,'2018-04-16 12:49:29',1,'2018-04-02 09:49:27'),
(190,'WZW-000154','林银','202cb962ac59075b964b07152d234b70',4,0,'1',0,0,1,'2018-04-16 12:49:29',1,'2018-04-02 09:49:27'),
(191,'WZW-000155','张玲','202cb962ac59075b964b07152d234b70',4,0,'1',0,0,1,'2018-04-16 12:49:29',1,'2018-04-02 09:49:27'),
(192,'WZW-000156','吴芳斌','202cb962ac59075b964b07152d234b70',4,0,'1',0,0,1,'2018-04-16 12:49:29',1,'2018-04-02 09:49:27'),
(193,'WZW-000157','陈玉蓉','202cb962ac59075b964b07152d234b70',52,0,'1',0,0,1,'2018-04-18 10:31:27',1,'2018-04-02 09:49:27'),
(194,'WZW-000158','唐冬云','202cb962ac59075b964b07152d234b70',4,0,'1',0,0,1,'2018-04-16 12:49:29',1,'2018-04-02 09:49:27'),
(195,'WZW-000159','黄丽珠','202cb962ac59075b964b07152d234b70',4,0,'1',0,0,1,'2018-04-16 12:49:29',1,'2018-04-02 09:49:27'),
(196,'WZW-000160','蔡锦秀','202cb962ac59075b964b07152d234b70',4,0,'1',0,0,1,'2018-04-16 12:49:29',1,'2018-04-02 09:49:27'),
(197,'WZW-000161','林新登','202cb962ac59075b964b07152d234b70',4,0,'1',0,0,1,'2018-04-16 12:49:29',1,'2018-04-02 09:49:27'),
(198,'WZW-000162','刘道钰','202cb962ac59075b964b07152d234b70',4,0,'1',0,0,1,'2018-04-16 12:49:29',1,'2018-04-02 09:49:27'),
(199,'WZW-000163','胡鑫蕾','202cb962ac59075b964b07152d234b70',4,0,'1',0,0,1,'2018-04-16 12:49:29',1,'2018-04-02 09:49:27'),
(200,'WZW-000164','陈水脉','202cb962ac59075b964b07152d234b70',4,0,'1',0,0,1,'2018-04-16 12:49:29',1,'2018-04-02 09:49:27'),
(201,'WZW-000165','蒋建林','202cb962ac59075b964b07152d234b70',54,0,'1',0,0,1,'2018-04-18 10:46:25',1,'2018-04-02 09:49:27'),
(202,'WZW-000166','危显军','202cb962ac59075b964b07152d234b70',46,1,'1,2',0,0,1,'2018-04-18 11:11:16',1,'2018-04-02 09:49:27'),
(203,'WZW-000167','程金红','202cb962ac59075b964b07152d234b70',4,0,'1',0,0,1,'2018-04-16 12:49:29',1,'2018-04-02 09:49:27'),
(204,'WZW-000168','杨晖','202cb962ac59075b964b07152d234b70',4,0,'1',0,0,1,'2018-04-16 12:49:29',1,'2018-04-02 09:49:27'),
(205,'WZW-000169','刘炜财','202cb962ac59075b964b07152d234b70',4,0,'1',0,0,1,'2018-04-16 12:49:29',1,'2018-04-02 09:49:27'),
(206,'WZW-000170','李璟祎','202cb962ac59075b964b07152d234b70',4,0,'1',0,0,1,'2018-04-16 12:49:29',1,'2018-04-02 09:49:27'),
(207,'WZW-000171','叶欣','202cb962ac59075b964b07152d234b70',4,0,'1',0,0,1,'2018-04-16 12:49:29',1,'2018-04-02 09:49:27'),
(208,'WZW-000172','邹建功','202cb962ac59075b964b07152d234b70',4,0,'1',0,0,1,'2018-04-16 12:49:29',1,'2018-04-02 09:49:27'),
(209,'WZW-000173','王木华','202cb962ac59075b964b07152d234b70',4,0,'1',0,0,1,'2018-04-16 12:49:29',1,'2018-04-02 09:49:27'),
(210,'WZW-000174','洪珊珊','202cb962ac59075b964b07152d234b70',4,0,'1',0,0,1,'2018-04-16 12:49:29',1,'2018-04-02 09:49:27'),
(211,'WZW-000175','陈清南','202cb962ac59075b964b07152d234b70',4,0,'1',0,0,1,'2018-04-16 12:49:29',1,'2018-04-02 09:49:27'),
(212,'WZW-000176','张锦兰','202cb962ac59075b964b07152d234b70',4,0,'1',0,0,1,'2018-04-16 12:49:29',1,'2018-04-02 09:49:27'),
(213,'WZW-000177','陈浩','202cb962ac59075b964b07152d234b70',53,0,'1',0,0,1,'2018-04-18 10:39:20',1,'2018-04-02 09:49:27'),
(214,'WZW-000178','高仕梅','202cb962ac59075b964b07152d234b70',4,0,'1',0,0,1,'2018-04-16 12:49:29',1,'2018-04-02 09:49:27'),
(215,'WZW-000179','唐丽','202cb962ac59075b964b07152d234b70',4,0,'1',0,0,1,'2018-04-16 12:49:29',1,'2018-04-02 09:49:27'),
(216,'WZW-000180','钟瑞坤','202cb962ac59075b964b07152d234b70',4,0,'1',0,0,1,'2018-04-16 12:49:29',1,'2018-04-02 09:49:27'),
(217,'WZW-000181','方素金','202cb962ac59075b964b07152d234b70',4,0,'1',0,0,1,'2018-04-16 12:49:29',1,'2018-04-02 09:49:27'),
(218,'WZW-000182','陈玲玲','202cb962ac59075b964b07152d234b70',53,0,'1',0,0,1,'2018-04-18 10:39:41',1,'2018-04-02 09:49:27'),
(219,'WZW-000184','王萍','202cb962ac59075b964b07152d234b70',4,0,'1',0,0,1,'2018-04-16 12:49:29',1,'2018-04-02 09:49:27'),
(220,'WZW-000185','邱永福','202cb962ac59075b964b07152d234b70',4,0,'1',0,0,1,'2018-04-16 12:49:29',1,'2018-04-02 09:49:27'),
(221,'WZW-000186','林彩熔','202cb962ac59075b964b07152d234b70',4,0,'1',0,0,1,'2018-04-16 12:49:29',1,'2018-04-02 09:49:27'),
(222,'WZW-000187','陈江樑','202cb962ac59075b964b07152d234b70',4,0,'1',0,0,1,'2018-04-16 12:49:29',1,'2018-04-02 09:49:27'),
(223,'WZW-000188','陈丽雯','202cb962ac59075b964b07152d234b70',4,0,'1',0,0,1,'2018-04-16 12:49:29',1,'2018-04-02 09:49:27'),
(224,'WZW-000189','钟玉梅','202cb962ac59075b964b07152d234b70',53,0,'1,2,3,4',1,0,1,'2018-04-17 15:13:11',1,'2018-04-02 09:49:27'),
(225,'WZW-000191','王小彬','202cb962ac59075b964b07152d234b70',4,0,'1',0,0,1,'2018-04-16 12:49:29',1,'2018-04-02 09:49:27'),
(226,'WZW-000192','易春燕','202cb962ac59075b964b07152d234b70',4,0,'1',0,0,1,'2018-04-16 12:49:29',1,'2018-04-02 09:49:27'),
(227,'WZW-000193','陈良德','202cb962ac59075b964b07152d234b70',8,1,'1',0,0,1,'2018-04-18 11:48:12',1,'2018-04-02 09:49:27'),
(228,'WZW-000194','曾琳','202cb962ac59075b964b07152d234b70',4,0,'1',0,0,1,'2018-04-16 12:49:29',1,'2018-04-02 09:49:27'),
(229,'WZW-000195','丁琼','202cb962ac59075b964b07152d234b70',46,1,'1,2',0,0,1,'2018-04-18 11:06:50',1,'2018-04-02 09:49:27'),
(230,'WZW-000196','朱长志','202cb962ac59075b964b07152d234b70',4,0,'1',0,0,1,'2018-04-16 12:49:29',1,'2018-04-02 09:49:27'),
(231,'WZW-000197','张慧','202cb962ac59075b964b07152d234b70',4,0,'1',0,0,1,'2018-04-16 12:49:29',1,'2018-04-02 09:49:27'),
(232,'WZW-000198','郑晓兰','202cb962ac59075b964b07152d234b70',4,0,'1',0,0,1,'2018-04-16 12:49:29',1,'2018-04-02 09:49:27'),
(233,'WZW-000199','陈栋梁','202cb962ac59075b964b07152d234b70',46,1,'1,2',0,0,1,'2018-04-18 11:05:43',1,'2018-04-02 09:49:27'),
(234,'WZW-000200','田春伟','202cb962ac59075b964b07152d234b70',4,0,'1',0,0,1,'2018-04-16 12:49:29',1,'2018-04-02 09:49:27'),
(235,'WZW-000201','张桂英','202cb962ac59075b964b07152d234b70',4,0,'1',0,0,1,'2018-04-16 12:49:29',1,'2018-04-02 09:49:27'),
(236,'WZW-000202','杜秋燕','202cb962ac59075b964b07152d234b70',4,0,'1',0,1,1,'2018-04-18 11:25:23',1,'2018-04-02 09:49:27'),
(237,'WZW-000203','张远钦','202cb962ac59075b964b07152d234b70',4,0,'1',0,0,1,'2018-04-16 12:49:29',1,'2018-04-02 09:49:27'),
(238,'WZW-000204','叶韵平','202cb962ac59075b964b07152d234b70',4,0,'1',0,0,1,'2018-04-16 12:49:29',1,'2018-04-02 09:49:27'),
(239,'wzw-000431','林开猛','202cb962ac59075b964b07152d234b70',4,1,'1',0,0,1,'2018-04-18 11:39:44',1,'2018-04-02 09:49:27'),
(240,'WZW-000206','祁小龙','202cb962ac59075b964b07152d234b70',4,0,'1',0,0,1,'2018-04-16 12:49:29',1,'2018-04-02 09:49:27'),
(241,'WZW-000207','郑洪林','202cb962ac59075b964b07152d234b70',4,0,'1',0,0,1,'2018-04-16 12:49:29',1,'2018-04-02 09:49:27'),
(242,'WZW-000208','纪火营','202cb962ac59075b964b07152d234b70',4,0,'1',0,0,1,'2018-04-16 12:49:29',1,'2018-04-02 09:49:27'),
(243,'WZW-000209','陈律宾','202cb962ac59075b964b07152d234b70',4,0,'1',0,0,1,'2018-04-16 12:49:29',1,'2018-04-02 09:49:27'),
(244,'WZW-000210','林巧明','202cb962ac59075b964b07152d234b70',4,0,'1',0,0,1,'2018-04-16 12:49:29',1,'2018-04-02 09:49:27'),
(245,'WZW-000211','黄艺煌','202cb962ac59075b964b07152d234b70',4,0,'1',0,0,1,'2018-04-16 12:49:29',1,'2018-04-02 09:49:27'),
(246,'WZW-000212','蔡东汉','202cb962ac59075b964b07152d234b70',4,0,'1',0,0,1,'2018-04-16 12:49:29',1,'2018-04-02 09:49:27'),
(247,'WZW-000213','张志明','202cb962ac59075b964b07152d234b70',4,0,'1',0,0,1,'2018-04-16 12:49:29',1,'2018-04-02 09:49:27'),
(248,'WZW-000214','朱晓红','202cb962ac59075b964b07152d234b70',4,0,'1',0,0,1,'2018-04-16 12:49:29',1,'2018-04-02 09:49:27'),
(249,'WZW-000215','时润龙','202cb962ac59075b964b07152d234b70',4,0,'1',0,0,1,'2018-04-16 12:49:29',1,'2018-04-02 09:49:27'),
(250,'WZW-000216','曾晓利','202cb962ac59075b964b07152d234b70',4,0,'1',0,0,1,'2018-04-16 12:49:29',1,'2018-04-02 09:49:27'),
(251,'wzw-000406','钟晓杰','202cb962ac59075b964b07152d234b70',4,0,'1',0,0,1,'2018-04-16 12:49:29',1,'2018-04-02 09:49:27'),
(252,'WZW-000218','林洁纯','202cb962ac59075b964b07152d234b70',4,0,'1',0,0,1,'2018-04-16 12:49:29',1,'2018-04-02 09:49:27'),
(253,'WZW-000219','陈跃聪','202cb962ac59075b964b07152d234b70',57,0,'1',0,0,1,'2018-04-18 11:24:06',1,'2018-04-02 09:49:27'),
(254,'WZW-000220','吴雯榕','202cb962ac59075b964b07152d234b70',58,0,'1',0,0,1,'2018-04-18 11:31:13',1,'2018-04-02 09:49:27'),
(255,'WZW-000221','王星','202cb962ac59075b964b07152d234b70',4,0,'1',0,0,1,'2018-04-16 12:49:29',1,'2018-04-02 09:49:27'),
(256,'WZW-000222','刘朋云','202cb962ac59075b964b07152d234b70',4,0,'1',0,0,1,'2018-04-16 12:49:29',1,'2018-04-02 09:49:27'),
(257,'WZW-000223','张媛媛','202cb962ac59075b964b07152d234b70',58,0,'1',0,0,1,'2018-04-18 11:29:16',1,'2018-04-02 09:49:28'),
(258,'WZW-000224','陈秋华','202cb962ac59075b964b07152d234b70',4,0,'1',0,0,1,'2018-04-16 12:49:29',1,'2018-04-02 09:49:28'),
(259,'WZW-000225','余玉萍','202cb962ac59075b964b07152d234b70',4,0,'1',0,0,1,'2018-04-16 12:49:29',1,'2018-04-02 09:49:28'),
(260,'WZW-000226','闵长宁','202cb962ac59075b964b07152d234b70',4,0,'1',0,0,1,'2018-04-16 12:49:29',1,'2018-04-02 09:49:28'),
(261,'WZW-000227','罗伟波','202cb962ac59075b964b07152d234b70',4,0,'1',0,0,1,'2018-04-16 12:49:29',1,'2018-04-02 09:49:28'),
(262,'WZW-000228','肖丹','202cb962ac59075b964b07152d234b70',4,0,'1',0,0,1,'2018-04-16 12:49:29',1,'2018-04-02 09:49:28'),
(263,'sxs-00043','黄晨威','202cb962ac59075b964b07152d234b70',4,0,'1',0,0,1,'2018-04-16 12:49:29',1,'2018-04-02 09:49:28'),
(264,'WZW-000230','李思成','202cb962ac59075b964b07152d234b70',4,0,'1',0,0,1,'2018-04-16 12:49:29',1,'2018-04-02 09:49:28'),
(265,'WZW-000231','郑博怀','202cb962ac59075b964b07152d234b70',4,0,'1',0,0,1,'2018-04-16 12:49:29',1,'2018-04-02 09:49:28'),
(266,'WZW-000232','王梦琳','202cb962ac59075b964b07152d234b70',4,0,'1',0,0,1,'2018-04-16 12:49:29',1,'2018-04-02 09:49:28'),
(267,'WZW-000233','张晓峰','202cb962ac59075b964b07152d234b70',4,0,'1',0,0,1,'2018-04-16 12:49:29',1,'2018-04-02 09:49:28'),
(268,'WZW-000234','严剑彬','202cb962ac59075b964b07152d234b70',57,1,'1',0,0,1,'2018-04-18 11:23:49',1,'2018-04-02 09:49:28'),
(269,'WZW-000235','李丽秋','202cb962ac59075b964b07152d234b70',52,1,'1',0,0,1,'2018-04-17 15:13:01',1,'2018-04-02 09:49:28'),
(270,'WZW-000236','张超玲','202cb962ac59075b964b07152d234b70',4,0,'1',0,0,1,'2018-04-16 12:49:29',1,'2018-04-02 09:49:28'),
(271,'WZW-000237','蔡伟龙','202cb962ac59075b964b07152d234b70',4,0,'1',0,0,1,'2018-04-16 12:49:29',1,'2018-04-02 09:49:28'),
(272,'WZW-000238','黄玉薇','202cb962ac59075b964b07152d234b70',4,0,'1',0,0,1,'2018-04-16 12:49:29',1,'2018-04-02 09:49:28'),
(273,'sxs-0008','宗永飞','202cb962ac59075b964b07152d234b70',4,0,'1',0,0,1,'2018-04-16 12:49:29',1,'2018-04-02 09:49:28'),
(274,'WZW-000269','江庆煌','202cb962ac59075b964b07152d234b70',26,1,'1',0,0,1,'2018-04-18 11:42:35',1,'2018-04-02 09:49:28'),
(275,'WZW-000271','嵇增瑞','202cb962ac59075b964b07152d234b70',4,0,'1',0,0,1,'2018-04-16 12:49:29',1,'2018-04-02 09:49:28'),
(276,'WZW-000286','陈宏彬','202cb962ac59075b964b07152d234b70',4,0,'1',0,0,1,'2018-04-16 12:49:29',1,'2018-04-02 09:49:28'),
(277,'WZW-000262','张定荣','202cb962ac59075b964b07152d234b70',4,0,'1',0,0,1,'2018-04-16 12:49:29',1,'2018-04-02 09:49:28'),
(278,'WZW-000265','陈婷','202cb962ac59075b964b07152d234b70',54,0,'1',0,0,1,'2018-04-18 10:45:33',1,'2018-04-02 09:49:28'),
(279,'WZW-000266','郑志宏','202cb962ac59075b964b07152d234b70',4,0,'1',0,0,1,'2018-04-16 12:49:29',1,'2018-04-02 09:49:28'),
(280,'WZW-000267','黄舒怡','202cb962ac59075b964b07152d234b70',4,0,'1',0,0,1,'2018-04-16 12:49:29',1,'2018-04-02 09:49:28'),
(281,'WZW-000268','孙杨','202cb962ac59075b964b07152d234b70',4,0,'1',0,0,1,'2018-04-16 12:49:29',1,'2018-04-02 09:49:28'),
(282,'sxs-00010','黄璜波','202cb962ac59075b964b07152d234b70',4,0,'1',0,0,1,'2018-04-16 12:49:29',1,'2018-04-02 09:49:28'),
(283,'sxs-00013','林海英','202cb962ac59075b964b07152d234b70',4,0,'1',0,0,1,'2018-04-16 12:49:29',1,'2018-04-02 09:49:28'),
(284,'WZW-000272','黄华晶','202cb962ac59075b964b07152d234b70',46,1,'1,2',0,0,1,'2018-04-18 11:13:12',1,'2018-04-02 09:49:28'),
(285,'WZW-000273','尹宝慧','202cb962ac59075b964b07152d234b70',4,0,'1',0,0,1,'2018-04-16 12:49:29',1,'2018-04-02 09:49:28'),
(286,'wzw-000419','丁运军','202cb962ac59075b964b07152d234b70',56,0,'1',0,0,1,'2018-04-18 11:22:39',1,'2018-04-02 09:49:28'),
(287,'WZW-000290','陈雪梅','202cb962ac59075b964b07152d234b70',4,0,'1',0,0,1,'2018-04-16 12:49:29',1,'2018-04-02 09:49:28'),
(288,'WZW-000281','黄艺娟','202cb962ac59075b964b07152d234b70',4,0,'1',0,0,1,'2018-04-16 12:49:29',1,'2018-04-02 09:49:28'),
(289,'WZW-000283','林毅鹏','202cb962ac59075b964b07152d234b70',4,0,'1',0,0,1,'2018-04-16 12:49:29',1,'2018-04-02 09:49:28'),
(290,'WZW-000284','张委员','202cb962ac59075b964b07152d234b70',4,0,'1',0,0,1,'2018-04-16 12:49:29',1,'2018-04-02 09:49:28'),
(291,'WZW-000522','张彬炜','202cb962ac59075b964b07152d234b70',4,0,'1',0,0,1,'2018-04-16 12:49:29',1,'2018-04-02 09:49:28'),
(292,'WZW-000287','严正','202cb962ac59075b964b07152d234b70',4,0,'1',0,0,1,'2018-04-16 12:49:29',1,'2018-04-02 09:49:28'),
(293,'WZW-000288','王杰','202cb962ac59075b964b07152d234b70',4,0,'1',0,0,1,'2018-04-16 12:49:29',1,'2018-04-02 09:49:28'),
(294,'wzw-000444','戴艺祥','202cb962ac59075b964b07152d234b70',57,0,'1',0,0,1,'2018-04-18 11:24:44',1,'2018-04-02 09:49:28'),
(295,'WZW-000292','吕思祺','202cb962ac59075b964b07152d234b70',53,0,'1',0,0,1,'2018-04-18 10:41:19',1,'2018-04-02 09:49:28'),
(296,'WZW-000523','王秀丹','202cb962ac59075b964b07152d234b70',4,0,'1',0,0,1,'2018-04-16 12:49:29',1,'2018-04-02 09:49:28'),
(297,'WZW-000295','郑仁香','202cb962ac59075b964b07152d234b70',4,0,'1',0,0,1,'2018-04-16 12:49:29',1,'2018-04-02 09:49:28'),
(298,'WZW-000524','李晓华','202cb962ac59075b964b07152d234b70',4,0,'1',0,0,1,'2018-04-16 12:49:29',1,'2018-04-02 09:49:28'),
(299,'WZW-000001-3','张思达','202cb962ac59075b964b07152d234b70',4,0,'1',0,0,1,'2018-04-16 12:49:29',1,'2018-04-02 09:49:28'),
(300,'sxs-0019','陈明亮','202cb962ac59075b964b07152d234b70',4,0,'1',0,0,1,'2018-04-16 12:49:29',1,'2018-04-02 09:49:28'),
(301,'sxs-0020','林凯月','202cb962ac59075b964b07152d234b70',4,0,'1',0,0,1,'2018-04-16 12:49:29',1,'2018-04-02 09:49:28'),
(302,'sxs-0021','刘美娟','202cb962ac59075b964b07152d234b70',4,0,'1',0,0,1,'2018-04-16 12:49:29',1,'2018-04-02 09:49:28'),
(303,'sxs-0022','黄永菲','202cb962ac59075b964b07152d234b70',4,0,'1',0,0,1,'2018-04-16 12:49:29',1,'2018-04-02 09:49:28'),
(304,'sxs-0023','曾晓婷','202cb962ac59075b964b07152d234b70',4,0,'1',0,0,1,'2018-04-16 12:49:29',1,'2018-04-02 09:49:28'),
(305,'sxs-0024','徐雪琴','202cb962ac59075b964b07152d234b70',4,0,'1',0,0,1,'2018-04-16 12:49:29',1,'2018-04-02 09:49:28'),
(306,'sxs-0025','肖烨','202cb962ac59075b964b07152d234b70',4,0,'1',0,0,1,'2018-04-16 12:49:29',1,'2018-04-02 09:49:28'),
(307,'sxs-0026','王新琴','202cb962ac59075b964b07152d234b70',4,0,'1',0,0,1,'2018-04-16 12:49:29',1,'2018-04-02 09:49:28'),
(308,'sxs-0027','钱枫','202cb962ac59075b964b07152d234b70',4,0,'1',0,0,1,'2018-04-16 12:49:29',1,'2018-04-02 09:49:28'),
(309,'sxs-0028','倪梅金','202cb962ac59075b964b07152d234b70',4,0,'1',0,0,1,'2018-04-16 12:49:29',1,'2018-04-02 09:49:28'),
(310,'WZW-000307','陈春蓉','202cb962ac59075b964b07152d234b70',4,0,'1',0,0,1,'2018-04-16 12:49:29',1,'2018-04-02 09:49:28'),
(311,'WZW-000308','王洪昌','202cb962ac59075b964b07152d234b70',4,0,'1',0,0,1,'2018-04-16 12:49:29',1,'2018-04-02 09:49:28'),
(312,'WZW-000309','张秀娟','202cb962ac59075b964b07152d234b70',4,0,'1',0,0,1,'2018-04-16 12:49:29',1,'2018-04-02 09:49:28'),
(313,'WZW-000311','邓娇','202cb962ac59075b964b07152d234b70',4,0,'1',0,0,1,'2018-04-16 12:49:29',1,'2018-04-02 09:49:28'),
(314,'WZW-000202-1','杜秋燕','202cb962ac59075b964b07152d234b70',4,0,'1',0,1,1,'2018-04-18 11:25:25',1,'2018-04-02 09:49:28'),
(315,'sxs-0009','吴汇','202cb962ac59075b964b07152d234b70',4,0,'1',0,0,1,'2018-04-16 12:49:29',1,'2018-04-02 09:49:28'),
(316,'WZW-000270','王小雄','202cb962ac59075b964b07152d234b70',4,0,'1',0,0,1,'2018-04-16 12:49:29',1,'2018-04-02 09:49:28'),
(317,'sxs-0011','温四超','202cb962ac59075b964b07152d234b70',4,0,'1',0,0,1,'2018-04-16 12:49:29',1,'2018-04-02 09:49:28'),
(318,'WZW-000002-1','阳嫔虹','202cb962ac59075b964b07152d234b70',4,0,'1',0,0,1,'2018-04-16 12:49:29',1,'2018-04-02 09:49:28'),
(319,'WZW-000313','苏珊珊','202cb962ac59075b964b07152d234b70',4,0,'1',0,0,1,'2018-04-16 12:49:29',1,'2018-04-02 09:49:28'),
(320,'WZW-000314','姜倩倩','202cb962ac59075b964b07152d234b70',4,0,'1',0,0,1,'2018-04-16 12:49:29',1,'2018-04-02 09:49:28'),
(321,'WZW-000315','彭香珠','202cb962ac59075b964b07152d234b70',4,0,'1',0,0,1,'2018-04-16 12:49:29',1,'2018-04-02 09:49:28'),
(322,'WZW-000316','吴碧娴','202cb962ac59075b964b07152d234b70',46,1,'1,2',0,0,1,'2018-04-18 11:21:38',1,'2018-04-02 09:49:28'),
(323,'sxs-00027','何雄兵','202cb962ac59075b964b07152d234b70',4,0,'1',0,0,1,'2018-04-16 12:49:29',1,'2018-04-02 09:49:28'),
(324,'sxs-00028','林志豪','202cb962ac59075b964b07152d234b70',4,0,'1',0,0,1,'2018-04-16 12:49:29',1,'2018-04-02 09:49:28'),
(325,'WZW-000329','陈智萌','202cb962ac59075b964b07152d234b70',4,0,'1',0,0,1,'2018-04-16 12:49:29',1,'2018-04-02 09:49:28'),
(326,'WZW-000317','刘鑫鑫','202cb962ac59075b964b07152d234b70',4,0,'1',0,0,1,'2018-04-16 12:49:29',1,'2018-04-02 09:49:28'),
(327,'sxs-00001','汪陈炜','202cb962ac59075b964b07152d234b70',4,0,'1',0,0,1,'2018-04-16 12:49:29',1,'2018-04-02 09:49:28'),
(328,'sxs-00002','高晨宁','202cb962ac59075b964b07152d234b70',4,0,'1',0,0,1,'2018-04-16 12:49:29',1,'2018-04-02 09:49:28'),
(329,'sxs-00003','韦咪咪','202cb962ac59075b964b07152d234b70',4,0,'1',0,0,1,'2018-04-16 12:49:29',1,'2018-04-02 09:49:28'),
(330,'sxs-00004','黄丽君','202cb962ac59075b964b07152d234b70',4,0,'1',0,0,1,'2018-04-16 12:49:29',1,'2018-04-02 09:49:28'),
(331,'sxs-00005','李玉凤','202cb962ac59075b964b07152d234b70',4,0,'1',0,0,1,'2018-04-16 12:49:29',1,'2018-04-02 09:49:28'),
(332,'sxs-00006','倪梅金','202cb962ac59075b964b07152d234b70',4,0,'1',0,0,1,'2018-04-16 12:49:29',1,'2018-04-02 09:49:28'),
(333,'WZW-000318','许志胜','202cb962ac59075b964b07152d234b70',4,0,'1',0,0,1,'2018-04-16 12:49:29',1,'2018-04-02 09:49:28'),
(334,'sxs-00007','颜顺晶','202cb962ac59075b964b07152d234b70',4,0,'1',0,0,1,'2018-04-16 12:49:29',1,'2018-04-02 09:49:28'),
(335,'sxs-00008','吴丽芳','202cb962ac59075b964b07152d234b70',4,0,'1',0,0,1,'2018-04-16 12:49:29',1,'2018-04-02 09:49:28'),
(336,'sxs-00009','许雪琴','202cb962ac59075b964b07152d234b70',4,0,'1',0,0,1,'2018-04-16 12:49:29',1,'2018-04-02 09:49:28'),
(337,'WZW-000319','秦力颖','202cb962ac59075b964b07152d234b70',4,0,'1',0,0,1,'2018-04-16 12:49:29',1,'2018-04-02 09:49:28'),
(338,'WZW-000320','戴泽阳','202cb962ac59075b964b07152d234b70',4,0,'1',0,1,1,'2018-04-18 10:56:19',1,'2018-04-02 09:49:28'),
(339,'sxs-000010','吕丹丹','202cb962ac59075b964b07152d234b70',4,0,'1',0,0,1,'2018-04-16 12:49:29',1,'2018-04-02 09:49:28'),
(340,'sxs-000011','唐丹','202cb962ac59075b964b07152d234b70',4,0,'1',0,0,1,'2018-04-16 12:49:29',1,'2018-04-02 09:49:28'),
(341,'sxs-000012','何苗苗','202cb962ac59075b964b07152d234b70',4,0,'1',0,0,1,'2018-04-16 12:49:29',1,'2018-04-02 09:49:28'),
(342,'wzw-000407','潘涛','202cb962ac59075b964b07152d234b70',4,0,'1',0,0,1,'2018-04-16 12:49:29',1,'2018-04-02 09:49:28'),
(343,'wzw-000401','梁奕铃','202cb962ac59075b964b07152d234b70',4,0,'1',0,0,1,'2018-04-16 12:49:29',1,'2018-04-02 09:49:28'),
(344,'WZW-000323','陈兰兰','202cb962ac59075b964b07152d234b70',4,0,'1',0,0,1,'2018-04-16 12:49:29',1,'2018-04-02 09:49:28'),
(345,'sxs-00023','吴云飞','202cb962ac59075b964b07152d234b70',4,0,'1',0,0,1,'2018-04-16 12:49:29',1,'2018-04-02 09:49:28'),
(346,'WZW-000324','王桂林','202cb962ac59075b964b07152d234b70',4,0,'1',0,0,1,'2018-04-16 12:49:29',1,'2018-04-02 09:49:28'),
(347,'WZW-000325','蔡凤丽','202cb962ac59075b964b07152d234b70',4,0,'1',0,0,1,'2018-04-16 12:49:29',1,'2018-04-02 09:49:28'),
(348,'sxs-00025','严贞萍','202cb962ac59075b964b07152d234b70',4,0,'1',0,0,1,'2018-04-16 12:49:29',1,'2018-04-02 09:49:28'),
(349,'HGO-000001','HGO(产品）','202cb962ac59075b964b07152d234b70',4,0,'1',0,0,1,'2018-04-16 12:49:29',1,'2018-04-02 09:49:28'),
(350,'WZW-000494','刘温泉','202cb962ac59075b964b07152d234b70',4,0,'1',0,0,1,'2018-04-16 12:49:29',1,'2018-04-02 09:49:28'),
(351,'WZW-000496','胡若斌','202cb962ac59075b964b07152d234b70',4,0,'1',0,0,1,'2018-04-16 12:49:29',1,'2018-04-02 09:49:28'),
(352,'WZW-000498','欧珊萍','202cb962ac59075b964b07152d234b70',4,0,'1',0,0,1,'2018-04-16 12:49:29',1,'2018-04-02 09:49:28'),
(353,'WZW-000499','王伟','202cb962ac59075b964b07152d234b70',4,0,'1',0,0,1,'2018-04-16 12:49:29',1,'2018-04-02 09:49:28'),
(354,'WZW-000327','张学沛','202cb962ac59075b964b07152d234b70',4,0,'1',0,0,1,'2018-04-16 12:49:29',1,'2018-04-02 09:49:28'),
(355,'WZW-000328','邱智强','202cb962ac59075b964b07152d234b70',4,0,'1',0,0,1,'2018-04-16 12:49:29',1,'2018-04-02 09:49:28'),
(356,'WZW-000330','何瑞娥','202cb962ac59075b964b07152d234b70',14,1,'1',0,0,1,'2018-04-18 11:39:06',1,'2018-04-02 09:49:28'),
(357,'YOYA-100001','赵丽宇','202cb962ac59075b964b07152d234b70',4,0,'1',0,0,1,'2018-04-16 12:49:29',1,'2018-04-02 09:49:28'),
(358,'WZW-000331','纪宇婷','202cb962ac59075b964b07152d234b70',46,1,'1,2',0,0,1,'2018-04-18 11:07:08',1,'2018-04-02 09:49:28'),
(359,'WZW-000332','田良仁','202cb962ac59075b964b07152d234b70',10,1,'1',0,0,1,'2018-04-18 11:38:10',1,'2018-04-02 09:49:28'),
(360,'yoyasxs-000031','吴朝城','202cb962ac59075b964b07152d234b70',4,0,'1',0,0,1,'2018-04-16 12:49:29',1,'2018-04-02 09:49:28'),
(361,'YOYA-100003','姚哲颖','202cb962ac59075b964b07152d234b70',4,0,'1',0,0,1,'2018-04-16 12:49:29',1,'2018-04-02 09:49:28'),
(362,'WZW-000333','陈阳','202cb962ac59075b964b07152d234b70',4,0,'1',0,0,1,'2018-04-16 12:49:29',1,'2018-04-02 09:49:28'),
(363,'WZW-000274','郑文科','202cb962ac59075b964b07152d234b70',4,0,'1',0,0,1,'2018-04-16 12:49:29',1,'2018-04-02 09:49:28'),
(364,'WZW-000310','邱雯','202cb962ac59075b964b07152d234b70',4,0,'1',0,0,1,'2018-04-16 12:49:29',1,'2018-04-02 09:49:28'),
(365,'WZW-000275','谢江涛','202cb962ac59075b964b07152d234b70',4,0,'1',0,0,1,'2018-04-16 12:49:29',1,'2018-04-02 09:49:28'),
(366,'WZW-000277','廖崇宾','202cb962ac59075b964b07152d234b70',4,0,'1',0,0,1,'2018-04-16 12:49:29',1,'2018-04-02 09:49:28'),
(367,'WZW-000278','高彬','202cb962ac59075b964b07152d234b70',4,0,'1',0,0,1,'2018-04-16 12:49:29',1,'2018-04-02 09:49:28'),
(368,'WZW-000279','陈敏龙','202cb962ac59075b964b07152d234b70',4,0,'1',0,0,1,'2018-04-16 12:49:29',1,'2018-04-02 09:49:28'),
(369,'WZW-000280','杨莎莎','202cb962ac59075b964b07152d234b70',4,0,'1',0,0,1,'2018-04-16 12:49:29',1,'2018-04-02 09:49:28'),
(370,'WZW-000289','杨庆玲','202cb962ac59075b964b07152d234b70',4,0,'1',0,0,1,'2018-04-16 12:49:29',1,'2018-04-02 09:49:28'),
(371,'WZW-000282','杨金山','202cb962ac59075b964b07152d234b70',4,0,'1',0,0,1,'2018-04-16 12:49:29',1,'2018-04-02 09:49:28'),
(372,'wzw-000114-1','王小燕','202cb962ac59075b964b07152d234b70',4,0,'1',0,0,1,'2018-04-16 12:49:29',1,'2018-04-02 09:49:28'),
(373,'WZW-000312','盛银珠','202cb962ac59075b964b07152d234b70',4,1,'1,2',0,0,1,'2018-04-18 10:57:48',1,'2018-04-02 09:49:28'),
(374,'WZW-000296','林厦阳','202cb962ac59075b964b07152d234b70',4,0,'1',0,0,1,'2018-04-16 12:49:29',1,'2018-04-02 09:49:28'),
(375,'sxs-0018','庄家伟','202cb962ac59075b964b07152d234b70',4,0,'1',0,0,1,'2018-04-16 12:49:29',1,'2018-04-02 09:49:28'),
(376,'WZW-000297','魏明媚','202cb962ac59075b964b07152d234b70',4,0,'1',0,0,1,'2018-04-16 12:49:29',1,'2018-04-02 09:49:28'),
(377,'WZW-000298','李茜茜','202cb962ac59075b964b07152d234b70',4,0,'1',0,0,1,'2018-04-16 12:49:29',1,'2018-04-02 09:49:28'),
(378,'WZW-000299','卢静','202cb962ac59075b964b07152d234b70',4,0,'1',0,0,1,'2018-04-16 12:49:29',1,'2018-04-02 09:49:28'),
(379,'WZW-000300','张莹','202cb962ac59075b964b07152d234b70',4,0,'1',0,0,1,'2018-04-16 12:49:29',1,'2018-04-02 09:49:28'),
(380,'WZW-000303','梁春荣','202cb962ac59075b964b07152d234b70',4,0,'1',0,0,1,'2018-04-16 12:49:29',1,'2018-04-02 09:49:28'),
(381,'WZW-000304','邓惠敏','202cb962ac59075b964b07152d234b70',4,0,'1',0,0,1,'2018-04-16 12:49:29',1,'2018-04-02 09:49:28'),
(382,'WZW-000334','陈明霞','202cb962ac59075b964b07152d234b70',46,1,'1,2',0,0,1,'2018-04-18 11:05:18',1,'2018-04-02 09:49:28'),
(383,'WZW-000335','苏李泽','202cb962ac59075b964b07152d234b70',4,0,'1',0,0,1,'2018-04-16 12:49:29',1,'2018-04-02 09:49:28'),
(384,'WZW-000338','潘业平','202cb962ac59075b964b07152d234b70',4,0,'1',0,0,1,'2018-04-16 12:49:29',1,'2018-04-02 09:49:28'),
(385,'sxs-00044','杨裕斌','202cb962ac59075b964b07152d234b70',4,0,'1',0,1,1,'2018-04-18 11:27:53',1,'2018-04-02 09:49:28'),
(386,'WZW-000339','吴华安','202cb962ac59075b964b07152d234b70',4,0,'1',0,0,1,'2018-04-16 12:49:29',1,'2018-04-02 09:49:28'),
(387,'YOYA-100005','连德枋','202cb962ac59075b964b07152d234b70',4,0,'1',0,0,1,'2018-04-16 12:49:29',1,'2018-04-02 09:49:28'),
(388,'YOYA-100006','肖升艳','202cb962ac59075b964b07152d234b70',4,0,'1',0,0,1,'2018-04-16 12:49:29',1,'2018-04-02 09:49:28'),
(389,'WZW-000340','高东','202cb962ac59075b964b07152d234b70',4,0,'1',0,0,1,'2018-04-16 12:49:29',1,'2018-04-02 09:49:28'),
(390,'WZW-000341','张文波','202cb962ac59075b964b07152d234b70',4,0,'1',0,0,1,'2018-04-16 12:49:29',1,'2018-04-02 09:49:28'),
(391,'YOYA-100007','唐俊标','202cb962ac59075b964b07152d234b70',4,0,'1',0,0,1,'2018-04-16 12:49:29',1,'2018-04-02 09:49:28'),
(392,'YOYA-100008','陈志鸿','202cb962ac59075b964b07152d234b70',4,0,'1',0,0,1,'2018-04-16 12:49:29',1,'2018-04-02 09:49:28'),
(393,'YOYA-100011','陈鹏','202cb962ac59075b964b07152d234b70',4,0,'1',0,0,1,'2018-04-16 12:49:29',1,'2018-04-02 09:49:28'),
(394,'YOYA-100012','郑蓉','202cb962ac59075b964b07152d234b70',4,0,'1',0,0,1,'2018-04-16 12:49:29',1,'2018-04-02 09:49:28'),
(395,'sxs-00030','郑彩云','202cb962ac59075b964b07152d234b70',4,0,'1',0,0,1,'2018-04-16 12:49:29',1,'2018-04-02 09:49:28'),
(396,'YOYA-100013','肖利','202cb962ac59075b964b07152d234b70',4,0,'1',0,0,1,'2018-04-16 12:49:29',1,'2018-04-02 09:49:28'),
(397,'sxs-00031','金阳','202cb962ac59075b964b07152d234b70',4,0,'1',0,0,1,'2018-04-16 12:49:29',1,'2018-04-02 09:49:28'),
(398,'YOYA-100019','刘秒丽','202cb962ac59075b964b07152d234b70',4,0,'1',0,0,1,'2018-04-16 12:49:29',1,'2018-04-02 09:49:28'),
(399,'WZW-000342','杨义明','202cb962ac59075b964b07152d234b70',23,1,'1',0,0,1,'2018-04-18 11:40:15',1,'2018-04-02 09:49:28'),
(400,'WZW-000343','苏在金','202cb962ac59075b964b07152d234b70',4,0,'1',0,0,1,'2018-04-16 12:49:29',1,'2018-04-02 09:49:28'),
(401,'WZW-000344','曹桂连','202cb962ac59075b964b07152d234b70',4,0,'1',0,0,1,'2018-04-16 12:49:29',1,'2018-04-02 09:49:28'),
(402,'WZW-000345','林信典','202cb962ac59075b964b07152d234b70',46,1,'1,2',0,0,1,'2018-04-18 11:05:58',1,'2018-04-02 09:49:28'),
(403,'YOYA-100022','丁磊','202cb962ac59075b964b07152d234b70',4,0,'1',0,0,1,'2018-04-16 12:49:29',1,'2018-04-02 09:49:28'),
(404,'WZW-000301','赵婷婷','202cb962ac59075b964b07152d234b70',4,0,'1',0,0,1,'2018-04-16 12:49:29',1,'2018-04-02 09:49:28'),
(405,'WZW-000302','高仕梅','202cb962ac59075b964b07152d234b70',4,0,'1',0,0,1,'2018-04-16 12:49:29',1,'2018-04-02 09:49:28'),
(406,'WZW-000305','李文斌','202cb962ac59075b964b07152d234b70',4,0,'1',0,0,1,'2018-04-16 12:49:29',1,'2018-04-02 09:49:28'),
(407,'WZW-000306','江火英','202cb962ac59075b964b07152d234b70',54,0,'1',0,0,1,'2018-04-16 12:49:29',1,'2018-04-02 09:49:28'),
(408,'WZW-000120-1','张展','202cb962ac59075b964b07152d234b70',4,0,'1',0,0,1,'2018-04-16 12:49:29',1,'2018-04-02 09:49:28'),
(409,'WZW-000168-1','杨晖','202cb962ac59075b964b07152d234b70',4,0,'1',0,0,1,'2018-04-16 12:49:29',1,'2018-04-02 09:49:28'),
(410,'WZW-000321','罗敦虹','202cb962ac59075b964b07152d234b70',52,0,'1',0,0,1,'2018-04-18 10:37:50',1,'2018-04-02 09:49:28'),
(411,'WZW-000322','肖博林','202cb962ac59075b964b07152d234b70',4,0,'1',0,0,1,'2018-04-16 12:49:29',1,'2018-04-02 09:49:28'),
(412,'sxs-00024','许智斌','202cb962ac59075b964b07152d234b70',4,0,'1',0,0,1,'2018-04-16 12:49:29',1,'2018-04-02 09:49:28'),
(413,'WZW-000326','李烨','202cb962ac59075b964b07152d234b70',4,0,'1',0,0,1,'2018-04-16 12:49:29',1,'2018-04-02 09:49:28'),
(414,'sxs-00026','林秋平','202cb962ac59075b964b07152d234b70',4,0,'1',0,0,1,'2018-04-16 12:49:29',1,'2018-04-02 09:49:28'),
(415,'sxs-000029','黄晓兰','202cb962ac59075b964b07152d234b70',4,0,'1',0,0,1,'2018-04-16 12:49:29',1,'2018-04-02 09:49:28'),
(416,'YOYA-100002','李超','202cb962ac59075b964b07152d234b70',4,0,'1',0,0,1,'2018-04-16 12:49:29',1,'2018-04-02 09:49:28'),
(417,'YOYA-100004','陈晓锋','202cb962ac59075b964b07152d234b70',4,0,'1',0,0,1,'2018-04-16 12:49:29',1,'2018-04-02 09:49:28'),
(418,'YOYA-100015','林锦盛','202cb962ac59075b964b07152d234b70',4,0,'1',0,0,1,'2018-04-16 12:49:29',1,'2018-04-02 09:49:28'),
(419,'YOYA-100016','吴端燊','202cb962ac59075b964b07152d234b70',4,0,'1',0,0,1,'2018-04-16 12:49:29',1,'2018-04-02 09:49:28'),
(420,'YOYA-100023','许扬鹏','202cb962ac59075b964b07152d234b70',4,0,'1',0,0,1,'2018-04-16 12:49:29',1,'2018-04-02 09:49:28'),
(421,'WZW-000046-1','陈晓芳','202cb962ac59075b964b07152d234b70',4,0,'1',0,0,1,'2018-04-16 12:49:29',1,'2018-04-02 09:49:28'),
(422,'YOYA-100024','王琴','202cb962ac59075b964b07152d234b70',4,0,'1',0,0,1,'2018-04-16 12:49:29',1,'2018-04-02 09:49:28'),
(423,'YOYA-100025','刘洪秀','202cb962ac59075b964b07152d234b70',4,0,'1',0,0,1,'2018-04-16 12:49:29',1,'2018-04-02 09:49:28'),
(424,'YOYA-100026','吴耀宗','202cb962ac59075b964b07152d234b70',4,0,'1',0,0,1,'2018-04-16 12:49:29',1,'2018-04-02 09:49:28'),
(425,'WZW-000347','黄龙聪','202cb962ac59075b964b07152d234b70',24,1,'1',0,0,1,'2018-04-18 11:42:14',1,'2018-04-02 09:49:28'),
(426,'YOYA-100027','曾明懿','202cb962ac59075b964b07152d234b70',4,0,'1',0,0,1,'2018-04-16 12:49:29',1,'2018-04-02 09:49:28'),
(427,'YOYA-000001','yoya教练','202cb962ac59075b964b07152d234b70',4,0,'1',0,0,1,'2018-04-16 12:49:29',1,'2018-04-02 09:49:28'),
(428,'YOYA-100029','陈艺茹','202cb962ac59075b964b07152d234b70',4,0,'1',0,0,1,'2018-04-16 12:49:29',1,'2018-04-02 09:49:28'),
(429,'yoyasxs-000033','黄洁丽','202cb962ac59075b964b07152d234b70',4,0,'1',0,0,1,'2018-04-16 12:49:29',1,'2018-04-02 09:49:28'),
(430,'WZW-000350','郭飞','202cb962ac59075b964b07152d234b70',4,0,'1',0,0,1,'2018-04-16 12:49:29',1,'2018-04-02 09:49:28'),
(431,'WZW-000352','王嘉毅','202cb962ac59075b964b07152d234b70',4,0,'1',0,0,1,'2018-04-16 12:49:29',1,'2018-04-02 09:49:28'),
(432,'sxs-00033','林秋明','202cb962ac59075b964b07152d234b70',4,0,'1',0,1,1,'2018-04-18 11:13:55',1,'2018-04-02 09:49:28'),
(433,'WZW-000353','文星','202cb962ac59075b964b07152d234b70',46,1,'1,2',0,0,1,'2018-04-18 11:11:47',1,'2018-04-02 09:49:28'),
(434,'WZW-000197-1','张慧','202cb962ac59075b964b07152d234b70',4,0,'1',0,0,1,'2018-04-16 12:49:29',1,'2018-04-02 09:49:28'),
(435,'YOYA-100030','章依昕','202cb962ac59075b964b07152d234b70',4,0,'1',0,0,1,'2018-04-16 12:49:29',1,'2018-04-02 09:49:28'),
(436,'WZW-000357','黄晓兰','202cb962ac59075b964b07152d234b70',4,0,'1',0,0,1,'2018-04-16 12:49:29',1,'2018-04-02 09:49:28'),
(437,'WZW-000358','高晨宁','202cb962ac59075b964b07152d234b70',4,0,'1',0,0,1,'2018-04-16 12:49:29',1,'2018-04-02 09:49:28'),
(438,'WZW-000359','金阳','202cb962ac59075b964b07152d234b70',4,0,'1',0,0,1,'2018-04-16 12:49:29',1,'2018-04-02 09:49:28'),
(439,'WZW-000360','林秋明','202cb962ac59075b964b07152d234b70',46,1,'1,2',0,0,1,'2018-04-18 11:14:03',1,'2018-04-02 09:49:28'),
(440,'WZW-000361','林龙鑫','202cb962ac59075b964b07152d234b70',4,0,'1',0,0,1,'2018-04-16 12:49:29',1,'2018-04-02 09:49:28'),
(441,'WZW-000362','吕丹丹','202cb962ac59075b964b07152d234b70',4,0,'1',0,0,1,'2018-04-16 12:49:29',1,'2018-04-02 09:49:28'),
(442,'WZW-000363','唐丹','202cb962ac59075b964b07152d234b70',54,0,'1',0,0,1,'2018-04-18 10:46:46',1,'2018-04-02 09:49:28'),
(443,'WZW-000364','严贞萍','202cb962ac59075b964b07152d234b70',4,0,'1',0,0,1,'2018-04-16 12:49:29',1,'2018-04-02 09:49:28'),
(444,'WZW-000365','林秋平','202cb962ac59075b964b07152d234b70',4,0,'1',0,0,1,'2018-04-16 12:49:29',1,'2018-04-02 09:49:28'),
(445,'WZW-000366','何雄兵','202cb962ac59075b964b07152d234b70',4,0,'1',0,0,1,'2018-04-16 12:49:29',1,'2018-04-02 09:49:28'),
(446,'WZW-000367','林志豪','202cb962ac59075b964b07152d234b70',4,0,'1',0,0,1,'2018-04-16 12:49:29',1,'2018-04-02 09:49:28'),
(447,'WZW-000368','赖富连','202cb962ac59075b964b07152d234b70',4,0,'1',0,0,1,'2018-04-16 12:49:29',1,'2018-04-02 09:49:28'),
(448,'WZW-000369','陈坤龙','202cb962ac59075b964b07152d234b70',4,0,'1',0,0,1,'2018-04-16 12:49:29',1,'2018-04-02 09:49:28'),
(449,'sxs-00035','许晓东','202cb962ac59075b964b07152d234b70',4,0,'1',0,0,1,'2018-04-16 12:49:29',1,'2018-04-02 09:49:28'),
(450,'WZW-000370','张晓文','202cb962ac59075b964b07152d234b70',4,0,'1',0,0,1,'2018-04-16 12:49:29',1,'2018-04-02 09:49:28'),
(451,'WZW-000371','苏漳辉','202cb962ac59075b964b07152d234b70',57,0,'1',0,0,1,'2018-04-18 11:27:06',1,'2018-04-02 09:49:28'),
(452,'WZW-000003-1','刘青','202cb962ac59075b964b07152d234b70',2,0,'1',0,0,1,'2018-04-18 10:35:39',1,'2018-04-02 09:49:29'),
(453,'sxs-000013','林联墒','202cb962ac59075b964b07152d234b70',4,0,'1',0,0,1,'2018-04-16 12:49:29',1,'2018-04-02 09:49:29'),
(454,'test','test','202cb962ac59075b964b07152d234b70',4,0,'1',0,0,1,'2018-04-16 12:49:29',1,'2018-04-02 09:49:29'),
(455,'yoyasxs-000036','王其灯','202cb962ac59075b964b07152d234b70',4,0,'1',0,0,1,'2018-04-16 12:49:29',1,'2018-04-02 09:49:29'),
(456,'WZW-000351','杨帆','202cb962ac59075b964b07152d234b70',4,0,'1',0,0,1,'2018-04-16 12:49:29',1,'2018-04-02 09:49:29'),
(457,'WZW-000354','阙琪琪','202cb962ac59075b964b07152d234b70',46,1,'1,2',0,0,1,'2018-04-18 11:21:04',1,'2018-04-02 09:49:29'),
(458,'WZW-000376','王倩','202cb962ac59075b964b07152d234b70',4,0,'1',0,0,1,'2018-04-16 12:49:29',1,'2018-04-02 09:49:29'),
(459,'WZW-000377','陈雪梅','202cb962ac59075b964b07152d234b70',46,1,'1,2',0,0,1,'2018-04-18 11:20:30',1,'2018-04-02 09:49:29'),
(460,'sxs-00036','蔡晓玲','202cb962ac59075b964b07152d234b70',4,0,'1',0,0,1,'2018-04-16 12:49:29',1,'2018-04-02 09:49:29'),
(461,'sxs-00037','陆利敏','202cb962ac59075b964b07152d234b70',4,0,'1',0,0,1,'2018-04-16 12:49:29',1,'2018-04-02 09:49:29'),
(462,'sxs-00038','邓佩佩','202cb962ac59075b964b07152d234b70',4,0,'1',0,0,1,'2018-04-16 12:49:29',1,'2018-04-02 09:49:29'),
(463,'sxs-00039','吴玖祯','202cb962ac59075b964b07152d234b70',4,0,'1',0,0,1,'2018-04-16 12:49:29',1,'2018-04-02 09:49:29'),
(464,'WZW-000378','黄德昌','202cb962ac59075b964b07152d234b70',4,0,'1',0,0,1,'2018-04-16 12:49:29',1,'2018-04-02 09:49:29'),
(465,'WZW-000380','王夏燕','202cb962ac59075b964b07152d234b70',4,0,'1',0,0,1,'2018-04-16 12:49:29',1,'2018-04-02 09:49:29'),
(466,'WZW-000381','黄蔚蔚','202cb962ac59075b964b07152d234b70',4,0,'1',0,0,1,'2018-04-16 12:49:29',1,'2018-04-02 09:49:29'),
(467,'WZW-000382','陈伟波','202cb962ac59075b964b07152d234b70',4,0,'1',0,0,1,'2018-04-16 12:49:29',1,'2018-04-02 09:49:29'),
(468,'WZW-000385','陈雅真','202cb962ac59075b964b07152d234b70',4,0,'1',0,0,1,'2018-04-16 12:49:29',1,'2018-04-02 09:49:29'),
(469,'WZW-000386','钟宝养','202cb962ac59075b964b07152d234b70',57,1,'1,2',0,0,1,'2018-04-18 11:28:46',1,'2018-04-02 09:49:29'),
(470,'WZW-000387','粘子雄','202cb962ac59075b964b07152d234b70',4,0,'1',0,0,1,'2018-04-16 12:49:29',1,'2018-04-02 09:49:29'),
(471,'sxs-00041','林飞舞','202cb962ac59075b964b07152d234b70',4,0,'1',0,0,1,'2018-04-16 12:49:29',1,'2018-04-02 09:49:29'),
(472,'WZW-000388','杨义明','202cb962ac59075b964b07152d234b70',4,0,'1',0,0,1,'2018-04-16 12:49:29',1,'2018-04-02 09:49:29'),
(473,'wzw-000410','张立康','202cb962ac59075b964b07152d234b70',4,0,'1',0,0,1,'2018-04-16 12:49:29',1,'2018-04-02 09:49:29'),
(474,'wzw-000411','蔡理强','202cb962ac59075b964b07152d234b70',2,1,'1',0,0,1,'2018-04-17 15:11:57',1,'2018-04-02 09:49:29'),
(475,'WZW-000391','黄凯','202cb962ac59075b964b07152d234b70',58,0,'1',0,0,1,'2018-04-18 11:30:47',1,'2018-04-02 09:49:29'),
(476,'WZW-000392','徐晓伟','202cb962ac59075b964b07152d234b70',4,0,'1',0,0,1,'2018-04-16 12:49:29',1,'2018-04-02 09:49:29'),
(477,'WZW-000393','黄启顺','202cb962ac59075b964b07152d234b70',4,0,'1',0,0,1,'2018-04-16 12:49:29',1,'2018-04-02 09:49:29'),
(478,'wzw-000413','洪明耀','202cb962ac59075b964b07152d234b70',4,0,'1',0,0,1,'2018-04-16 12:49:29',1,'2018-04-02 09:49:29'),
(479,'WZW-000395','孙婧','202cb962ac59075b964b07152d234b70',4,0,'1',0,0,1,'2018-04-16 12:49:29',1,'2018-04-02 09:49:29'),
(480,'sxs-00042','严文青','202cb962ac59075b964b07152d234b70',4,0,'1',0,0,1,'2018-04-16 12:49:29',1,'2018-04-02 09:49:29'),
(481,'WZW-000396','卢金杏','202cb962ac59075b964b07152d234b70',4,0,'1',0,0,1,'2018-04-16 12:49:29',1,'2018-04-02 09:49:29'),
(482,'wzw-000050-1','林月香','202cb962ac59075b964b07152d234b70',0,0,'1',0,0,1,'2018-04-16 12:49:29',1,'2018-04-02 09:49:29'),
(483,'wzw-000414','张顺连','202cb962ac59075b964b07152d234b70',4,0,'1',0,0,1,'2018-04-16 12:49:29',1,'2018-04-02 09:49:29'),
(484,'WZW-000398','陈惠贤','202cb962ac59075b964b07152d234b70',4,0,'1',0,0,1,'2018-04-16 12:49:29',1,'2018-04-02 09:49:29'),
(485,'wzw-000399','谢秦琼','202cb962ac59075b964b07152d234b70',4,0,'1',0,0,1,'2018-04-16 12:49:29',1,'2018-04-02 09:49:29'),
(486,'wzw-000402','尤英杰','202cb962ac59075b964b07152d234b70',56,0,'1',0,0,1,'2018-04-18 11:23:10',1,'2018-04-02 09:49:29'),
(487,'wzw-000415','林慧超','202cb962ac59075b964b07152d234b70',4,0,'1',0,0,1,'2018-04-16 12:49:29',1,'2018-04-02 09:49:29'),
(488,'wzw-000416','王伟波','202cb962ac59075b964b07152d234b70',4,0,'1',0,0,1,'2018-04-16 12:49:29',1,'2018-04-02 09:49:29'),
(489,'wzw-000418','蔡升亚','202cb962ac59075b964b07152d234b70',4,0,'1',0,0,1,'2018-04-16 12:49:29',1,'2018-04-02 09:49:29'),
(490,'wzw-000421','郑荔明','202cb962ac59075b964b07152d234b70',4,0,'1',0,0,1,'2018-04-16 12:49:29',1,'2018-04-02 09:49:29'),
(491,'wzw-000422','巫丽莎','202cb962ac59075b964b07152d234b70',4,0,'1',0,0,1,'2018-04-16 12:49:29',1,'2018-04-02 09:49:29'),
(492,'wzw-000423','苏承霖','202cb962ac59075b964b07152d234b70',4,0,'1',0,0,1,'2018-04-16 12:49:29',1,'2018-04-02 09:49:29'),
(493,'wzw-000424','叶仙莲','202cb962ac59075b964b07152d234b70',46,1,'1,2',0,0,1,'2018-04-18 11:12:17',1,'2018-04-02 09:49:29'),
(494,'wzw-000425','林嘉伟','202cb962ac59075b964b07152d234b70',4,0,'1',0,0,1,'2018-04-16 12:49:29',1,'2018-04-02 09:49:29'),
(495,'wzw-000426','李佳翔','202cb962ac59075b964b07152d234b70',4,0,'1',0,0,1,'2018-04-16 12:49:29',1,'2018-04-02 09:49:29'),
(496,'wzw-000427','王国华','202cb962ac59075b964b07152d234b70',4,0,'1',0,0,1,'2018-04-16 12:49:29',1,'2018-04-02 09:49:29'),
(497,'wzw-000428','林捷','202cb962ac59075b964b07152d234b70',4,0,'1',0,0,1,'2018-04-16 12:49:29',1,'2018-04-02 09:49:29'),
(498,'wzw-000429','严文青','202cb962ac59075b964b07152d234b70',4,0,'1',0,0,1,'2018-04-16 12:49:29',1,'2018-04-02 09:49:29'),
(499,'wzw-000432','陈江峰','202cb962ac59075b964b07152d234b70',4,0,'1',0,0,1,'2018-04-16 12:49:29',1,'2018-04-02 09:49:29'),
(500,'wzw-000044','林金国','202cb962ac59075b964b07152d234b70',4,0,'1',0,0,1,'2018-04-16 12:49:29',1,'2018-04-02 09:49:29'),
(501,'wzw-000183','黄标香','202cb962ac59075b964b07152d234b70',4,0,'1',0,0,1,'2018-04-16 12:49:29',1,'2018-04-02 09:49:29'),
(502,'wzw-000389','余养林','202cb962ac59075b964b07152d234b70',4,0,'1',0,0,1,'2018-04-16 12:49:29',1,'2018-04-02 09:49:29'),
(503,'yoyasxs-000030','谢自强','202cb962ac59075b964b07152d234b70',4,0,'1',0,0,1,'2018-04-16 12:49:29',1,'2018-04-02 09:49:29'),
(504,'wzw-000403','林少伟','202cb962ac59075b964b07152d234b70',4,0,'1',0,0,1,'2018-04-16 12:49:29',1,'2018-04-02 09:49:29'),
(505,'wzw-000276','欧子剑','202cb962ac59075b964b07152d234b70',4,0,'1',0,1,1,'2018-04-18 11:26:42',1,'2018-04-02 09:49:29'),
(506,'wzw-000291','赵媛','202cb962ac59075b964b07152d234b70',56,0,'1',0,0,1,'2018-04-18 11:23:23',1,'2018-04-02 09:49:29'),
(507,'wzw-000390','刘锦辉','202cb962ac59075b964b07152d234b70',4,0,'1',0,0,1,'2018-04-16 12:49:29',1,'2018-04-02 09:49:29'),
(508,'wzw-000394','王志强','202cb962ac59075b964b07152d234b70',4,0,'1',0,0,1,'2018-04-16 12:49:29',1,'2018-04-02 09:49:29'),
(509,'wzw-000397','蔡小婷','202cb962ac59075b964b07152d234b70',4,0,'1',0,0,1,'2018-04-16 12:49:29',1,'2018-04-02 09:49:29'),
(510,'wzw-000400','潘巧燕','202cb962ac59075b964b07152d234b70',4,0,'1',0,0,1,'2018-04-16 12:49:29',1,'2018-04-02 09:49:29'),
(511,'wzw-000404','陈彩丽','202cb962ac59075b964b07152d234b70',4,0,'1',0,0,1,'2018-04-16 12:49:29',1,'2018-04-02 09:49:29'),
(512,'wzw-000412','陈忠贵','202cb962ac59075b964b07152d234b70',54,0,'1',0,0,1,'2018-04-18 10:46:15',1,'2018-04-02 09:49:29'),
(513,'wzw-000433','朱锦财','202cb962ac59075b964b07152d234b70',4,0,'1',0,0,1,'2018-04-16 12:49:29',1,'2018-04-02 09:49:29'),
(514,'sxs-00045','林青祥','202cb962ac59075b964b07152d234b70',4,0,'1',0,1,1,'2018-04-18 11:35:10',1,'2018-04-02 09:49:29'),
(515,'wzw-000434','林泽毅','202cb962ac59075b964b07152d234b70',4,0,'1',0,0,1,'2018-04-16 12:49:29',1,'2018-04-02 09:49:29'),
(516,'wzw-000435','许进峰','202cb962ac59075b964b07152d234b70',4,0,'1',0,0,1,'2018-04-16 12:49:29',1,'2018-04-02 09:49:29'),
(517,'wzw-000436','傅翠娥','202cb962ac59075b964b07152d234b70',4,0,'1',0,0,1,'2018-04-16 12:49:29',1,'2018-04-02 09:49:29'),
(518,'sxs-00046','李昊宇','202cb962ac59075b964b07152d234b70',4,0,'1',0,0,1,'2018-04-16 12:49:29',1,'2018-04-02 09:49:29'),
(519,'wzw-000438','韩艺辉','202cb962ac59075b964b07152d234b70',4,0,'1',0,0,1,'2018-04-16 12:49:29',1,'2018-04-02 09:49:29'),
(520,'wzw-000439','郑苏苹','202cb962ac59075b964b07152d234b70',4,0,'1',0,0,1,'2018-04-16 12:49:29',1,'2018-04-02 09:49:29'),
(521,'wzw-000440','林少敏','202cb962ac59075b964b07152d234b70',4,0,'1',0,0,1,'2018-04-16 12:49:29',1,'2018-04-02 09:49:29'),
(522,'wzw-000441','方涵超','202cb962ac59075b964b07152d234b70',58,0,'1',0,0,1,'2018-04-18 11:30:33',1,'2018-04-02 09:49:29'),
(523,'wzw-000437','林栋之','202cb962ac59075b964b07152d234b70',4,0,'1',0,0,1,'2018-04-16 12:49:29',1,'2018-04-02 09:49:29'),
(524,'wzw-000442','华丕保','202cb962ac59075b964b07152d234b70',4,0,'1',0,0,1,'2018-04-16 12:49:29',1,'2018-04-02 09:49:29'),
(525,'wzw-000443','刘鑫鑫','202cb962ac59075b964b07152d234b70',4,0,'1',0,0,1,'2018-04-16 12:49:29',1,'2018-04-02 09:49:29'),
(526,'wzw-000445','张超玲','202cb962ac59075b964b07152d234b70',4,0,'1',0,0,1,'2018-04-16 12:49:29',1,'2018-04-02 09:49:29'),
(527,'wzw-000446','朱艳红','202cb962ac59075b964b07152d234b70',4,0,'1',0,0,1,'2018-04-16 12:49:29',1,'2018-04-02 09:49:29'),
(528,'wzw-000447','张承','202cb962ac59075b964b07152d234b70',57,1,'1',0,0,1,'2018-04-18 11:28:27',1,'2018-04-02 09:49:29'),
(529,'wzw-000448','叶龙梅','202cb962ac59075b964b07152d234b70',4,0,'1',0,0,1,'2018-04-16 12:49:29',1,'2018-04-02 09:49:29'),
(530,'wzw-000449','蔡灵通','202cb962ac59075b964b07152d234b70',4,0,'1',0,0,1,'2018-04-16 12:49:29',1,'2018-04-02 09:49:29'),
(531,'wzw-000450','杨剑峰','202cb962ac59075b964b07152d234b70',4,0,'1',0,0,1,'2018-04-16 12:49:29',1,'2018-04-02 09:49:29'),
(532,'sxs-00047','龚倩如','202cb962ac59075b964b07152d234b70',4,0,'1',0,0,1,'2018-04-16 12:49:29',1,'2018-04-02 09:49:29'),
(533,'wzw-000452','王政','202cb962ac59075b964b07152d234b70',4,0,'1',0,0,1,'2018-04-16 12:49:29',1,'2018-04-02 09:49:29'),
(534,'wzw-000453','赖国智','202cb962ac59075b964b07152d234b70',4,0,'1',0,0,1,'2018-04-16 12:49:29',1,'2018-04-02 09:49:29'),
(535,'wzw-000451','茅丹凤','202cb962ac59075b964b07152d234b70',4,0,'1',0,0,1,'2018-04-16 12:49:29',1,'2018-04-02 09:49:29'),
(536,'wzw-000456','金俊南','202cb962ac59075b964b07152d234b70',4,0,'1',0,0,1,'2018-04-16 12:49:29',1,'2018-04-02 09:49:29'),
(537,'wzw-000457','陈龙树','202cb962ac59075b964b07152d234b70',53,0,'1',0,0,1,'2018-04-18 10:40:42',1,'2018-04-02 09:49:29'),
(538,'wzw-000458','曾志','202cb962ac59075b964b07152d234b70',4,0,'1',0,0,1,'2018-04-16 12:49:29',1,'2018-04-02 09:49:29'),
(539,'wzw-000459','邱丽珍','202cb962ac59075b964b07152d234b70',4,0,'1',0,0,1,'2018-04-16 12:49:29',1,'2018-04-02 09:49:29'),
(540,'wzw-000460','王长华','202cb962ac59075b964b07152d234b70',4,0,'1',0,0,1,'2018-04-16 12:49:29',1,'2018-04-02 09:49:29'),
(541,'sxs-00049','陈志毅','202cb962ac59075b964b07152d234b70',4,0,'1',0,0,1,'2018-04-16 12:49:29',1,'2018-04-02 09:49:29'),
(542,'sxs-00050','张诗贞','202cb962ac59075b964b07152d234b70',4,0,'1',0,0,1,'2018-04-16 12:49:29',1,'2018-04-02 09:49:29'),
(543,'sxs-00051','欧珊萍','202cb962ac59075b964b07152d234b70',4,0,'1',0,0,1,'2018-04-16 12:49:29',1,'2018-04-02 09:49:29'),
(544,'wzw-000461','黄志勤','202cb962ac59075b964b07152d234b70',4,0,'1',0,0,1,'2018-04-16 12:49:29',1,'2018-04-02 09:49:29'),
(545,'sxs-00052','林同相','202cb962ac59075b964b07152d234b70',4,0,'1',0,0,1,'2018-04-16 12:49:29',1,'2018-04-02 09:49:29'),
(546,'sxs-00054','吴玉国','202cb962ac59075b964b07152d234b70',4,0,'1',0,0,1,'2018-04-16 12:49:29',1,'2018-04-02 09:49:29'),
(547,'wzw-000462','郭琪','202cb962ac59075b964b07152d234b70',4,0,'1',0,0,1,'2018-04-16 12:49:29',1,'2018-04-02 09:49:29'),
(548,'sxs-00055','张成','202cb962ac59075b964b07152d234b70',4,0,'1',0,0,1,'2018-04-16 12:49:29',1,'2018-04-02 09:49:29'),
(549,'wzw-000463','刘丽萍','202cb962ac59075b964b07152d234b70',46,1,'1,2',0,0,1,'2018-04-18 11:15:45',1,'2018-04-02 09:49:29'),
(550,'wzw-000464','罗靓','202cb962ac59075b964b07152d234b70',52,0,'1',0,0,1,'2018-04-18 10:38:40',1,'2018-04-02 09:49:29'),
(551,'wzw-000465','赵晓明','202cb962ac59075b964b07152d234b70',4,0,'1',0,0,1,'2018-04-16 12:49:29',1,'2018-04-02 09:49:29'),
(552,'wzw-000466','陈水脉','202cb962ac59075b964b07152d234b70',4,0,'1',0,0,1,'2018-04-16 12:49:29',1,'2018-04-02 09:49:29'),
(553,'WZW-000336','刘石娟','202cb962ac59075b964b07152d234b70',4,0,'1',0,0,1,'2018-04-16 12:49:29',1,'2018-04-02 09:49:29'),
(554,'WZW-000337','庄强梅','202cb962ac59075b964b07152d234b70',4,0,'1',0,0,1,'2018-04-16 12:49:29',1,'2018-04-02 09:49:29'),
(555,'YOYA-100009','张太彪','202cb962ac59075b964b07152d234b70',4,0,'1',0,0,1,'2018-04-16 12:49:29',1,'2018-04-02 09:49:29'),
(556,'YOYA-100010','李然','202cb962ac59075b964b07152d234b70',4,0,'1',0,0,1,'2018-04-16 12:49:29',1,'2018-04-02 09:49:29'),
(557,'YOYA-100014','王金月','202cb962ac59075b964b07152d234b70',4,0,'1',0,0,1,'2018-04-16 12:49:29',1,'2018-04-02 09:49:29'),
(558,'YOYA-100017','蔡铭涵','202cb962ac59075b964b07152d234b70',4,0,'1',0,0,1,'2018-04-16 12:49:29',1,'2018-04-02 09:49:29'),
(559,'YOYA-100018','洪江川','202cb962ac59075b964b07152d234b70',4,0,'1',0,0,1,'2018-04-16 12:49:29',1,'2018-04-02 09:49:29'),
(560,'YOYA-100020','何哲明','202cb962ac59075b964b07152d234b70',4,0,'1',0,0,1,'2018-04-16 12:49:29',1,'2018-04-02 09:49:29'),
(561,'YOYA-100021','洪圳鑫','202cb962ac59075b964b07152d234b70',4,0,'1',0,0,1,'2018-04-16 12:49:29',1,'2018-04-02 09:49:29'),
(562,'WZW-000346','翁鸣','202cb962ac59075b964b07152d234b70',4,0,'1',0,0,1,'2018-04-16 12:49:29',1,'2018-04-02 09:49:29'),
(563,'sxs-00032','陈坤龙','202cb962ac59075b964b07152d234b70',4,0,'1',0,0,1,'2018-04-16 12:49:29',1,'2018-04-02 09:49:29'),
(564,'YOYA-100028','李宇杰','202cb962ac59075b964b07152d234b70',4,0,'1',0,0,1,'2018-04-16 12:49:29',1,'2018-04-02 09:49:29'),
(565,'yoyasxs-000032','窦雅蓉','202cb962ac59075b964b07152d234b70',4,0,'1',0,0,1,'2018-04-16 12:49:29',1,'2018-04-02 09:49:29'),
(566,'WZW-000348','苏彩虹','202cb962ac59075b964b07152d234b70',46,1,'1,2',0,0,1,'2018-04-18 11:21:18',1,'2018-04-02 09:49:29'),
(567,'WZW-000349','杨清华','202cb962ac59075b964b07152d234b70',4,0,'1',0,0,1,'2018-04-16 12:49:29',1,'2018-04-02 09:49:29'),
(568,'  YOYA-100030','章依昕','202cb962ac59075b964b07152d234b70',4,0,'1',0,0,1,'2018-04-16 12:49:29',1,'2018-04-02 09:49:29'),
(569,'yoyasxs-000034','黄丽','202cb962ac59075b964b07152d234b70',4,0,'1',0,0,1,'2018-04-16 12:49:29',1,'2018-04-02 09:49:29'),
(570,'yoyasxs-000035','李燕华','202cb962ac59075b964b07152d234b70',4,0,'1',0,0,1,'2018-04-16 12:49:29',1,'2018-04-02 09:49:29'),
(571,'wzw-000190','丘思勤','202cb962ac59075b964b07152d234b70',4,0,'1',0,0,1,'2018-04-16 12:49:29',1,'2018-04-02 09:49:29'),
(572,'wzw-000205','顾婷婷','202cb962ac59075b964b07152d234b70',4,0,'1',0,0,1,'2018-04-16 12:49:29',1,'2018-04-02 09:49:29'),
(573,'wzw-000217','陈永强','202cb962ac59075b964b07152d234b70',4,0,'1',0,0,1,'2018-04-16 12:49:29',1,'2018-04-02 09:49:29'),
(574,'wzw-000229','陈志雄','202cb962ac59075b964b07152d234b70',4,0,'1',0,0,1,'2018-04-16 12:49:29',1,'2018-04-02 09:49:29'),
(575,'sxs-00048','洪琪磷','202cb962ac59075b964b07152d234b70',4,0,'1',0,0,1,'2018-04-16 12:49:29',1,'2018-04-02 09:49:29'),
(576,'sxs-00053','王伟','202cb962ac59075b964b07152d234b70',4,0,'1',0,0,1,'2018-04-16 12:49:29',1,'2018-04-02 09:49:29'),
(577,'wzw-000467','徐花妹','202cb962ac59075b964b07152d234b70',4,0,'1',0,0,1,'2018-04-16 12:49:29',1,'2018-04-02 09:49:29'),
(578,'wzw-000468','张静','202cb962ac59075b964b07152d234b70',4,0,'1',0,0,1,'2018-04-16 12:49:29',1,'2018-04-02 09:49:29'),
(579,'wzw-000469','徐丰','202cb962ac59075b964b07152d234b70',4,0,'1',0,0,1,'2018-04-16 12:49:29',1,'2018-04-02 09:49:29'),
(580,'wzw-000470','谢鑫欣','202cb962ac59075b964b07152d234b70',4,0,'1',0,0,1,'2018-04-16 12:49:29',1,'2018-04-02 09:49:29'),
(581,'sxs-00056','陈扬','202cb962ac59075b964b07152d234b70',4,0,'1',0,0,1,'2018-04-16 12:49:29',1,'2018-04-02 09:49:29'),
(582,'wzw-000472','苏接许','202cb962ac59075b964b07152d234b70',4,0,'1',0,0,1,'2018-04-16 12:49:29',1,'2018-04-02 09:49:29'),
(583,'wzw-000473','齐阳','202cb962ac59075b964b07152d234b70',4,0,'1',0,0,1,'2018-04-16 12:49:29',1,'2018-04-02 09:49:29'),
(584,'wzw-000474','江颖','202cb962ac59075b964b07152d234b70',4,0,'1',0,0,1,'2018-04-16 12:49:29',1,'2018-04-02 09:49:29'),
(585,'wzw-000475','黄瑛','202cb962ac59075b964b07152d234b70',4,0,'1',0,0,1,'2018-04-16 12:49:29',1,'2018-04-02 09:49:29'),
(586,'wzw-000476','唐宜婷','202cb962ac59075b964b07152d234b70',4,0,'1',0,0,1,'2018-04-16 12:49:29',1,'2018-04-02 09:49:29'),
(587,'sxs-00057','简姵翌','202cb962ac59075b964b07152d234b70',4,0,'1',0,0,1,'2018-04-16 12:49:29',1,'2018-04-02 09:49:29'),
(588,'wzw-000477','严丹','202cb962ac59075b964b07152d234b70',4,0,'1',0,0,1,'2018-04-16 12:49:29',1,'2018-04-02 09:49:29'),
(589,'wzw-000478','陈路路','202cb962ac59075b964b07152d234b70',4,0,'1',0,0,1,'2018-04-16 12:49:29',1,'2018-04-02 09:49:29'),
(590,'wzw-000479','邱云辉','202cb962ac59075b964b07152d234b70',4,0,'1',0,0,1,'2018-04-16 12:49:29',1,'2018-04-02 09:49:29'),
(591,'wzw-000480','张良钦','202cb962ac59075b964b07152d234b70',4,0,'1',0,0,1,'2018-04-16 12:49:29',1,'2018-04-02 09:49:29'),
(592,'wzw-000481','韩洁','202cb962ac59075b964b07152d234b70',4,0,'1',0,0,1,'2018-04-16 12:49:29',1,'2018-04-02 09:49:29'),
(593,'wzw-000482','许晓英','202cb962ac59075b964b07152d234b70',4,0,'1',0,0,1,'2018-04-16 12:49:29',1,'2018-04-02 09:49:29'),
(594,'wzw-000483','林晶晶','202cb962ac59075b964b07152d234b70',4,0,'1',0,0,1,'2018-04-16 12:49:29',1,'2018-04-02 09:49:29'),
(595,'wzw-000484','陈羽婷','202cb962ac59075b964b07152d234b70',58,0,'1',0,0,1,'2018-04-18 11:30:20',1,'2018-04-02 09:49:29'),
(596,'WZW-000487','张顺娇-1','202cb962ac59075b964b07152d234b70',4,0,'1',0,1,1,'2018-04-18 10:39:05',1,'2018-04-02 09:49:29'),
(597,'WZW-000488','戴静莉','202cb962ac59075b964b07152d234b70',46,1,'1,2',0,0,1,'2018-04-18 10:56:45',1,'2018-04-02 09:49:29'),
(598,'WZW-000490','蔡江楠','202cb962ac59075b964b07152d234b70',4,0,'1',0,0,1,'2018-04-16 12:49:29',1,'2018-04-02 09:49:29'),
(599,'sxs-00058','黄婷婷','202cb962ac59075b964b07152d234b70',4,0,'1',0,0,1,'2018-04-16 12:49:29',1,'2018-04-02 09:49:29'),
(600,'HGO-000002','HGO（其他）','202cb962ac59075b964b07152d234b70',4,0,'1',0,0,1,'2018-04-16 12:49:29',1,'2018-04-02 09:49:29'),
(601,'WZW-000492','林致','202cb962ac59075b964b07152d234b70',4,0,'1',0,0,1,'2018-04-16 12:49:29',1,'2018-04-02 09:49:29'),
(602,'WZW-000493','刘永超','202cb962ac59075b964b07152d234b70',4,0,'1',0,0,1,'2018-04-16 12:49:29',1,'2018-04-02 09:49:29'),
(603,'sxs-00034','林龙鑫','202cb962ac59075b964b07152d234b70',4,0,'1',0,0,1,'2018-04-16 12:49:29',1,'2018-04-02 09:49:29'),
(604,'WZW-000355','范鸿营','202cb962ac59075b964b07152d234b70',4,0,'1',0,0,1,'2018-04-16 12:49:29',1,'2018-04-02 09:49:29'),
(605,'WZW-000356','杨静芳','202cb962ac59075b964b07152d234b70',46,1,'1',0,0,1,'2018-04-18 11:04:52',1,'2018-04-02 09:49:29'),
(606,'WZW-000372','王星亮','202cb962ac59075b964b07152d234b70',4,0,'1',0,0,1,'2018-04-16 12:49:29',1,'2018-04-02 09:49:29'),
(607,'WZW-000373','林锦盛','202cb962ac59075b964b07152d234b70',4,0,'1',0,0,1,'2018-04-16 12:49:29',1,'2018-04-02 09:49:29'),
(608,'WZW-000374','潘银盆','202cb962ac59075b964b07152d234b70',54,1,'1',0,0,1,'2018-04-18 10:44:25',1,'2018-04-02 09:49:29'),
(609,'WZW-000375','张宏艳','202cb962ac59075b964b07152d234b70',46,1,'1,2',0,0,1,'2018-04-18 11:06:15',1,'2018-04-02 09:49:29'),
(610,'WZW-000379','陈嘉钦','202cb962ac59075b964b07152d234b70',4,0,'1',0,0,1,'2018-04-16 12:49:29',1,'2018-04-02 09:49:29'),
(611,'wzw-000455','吴捷宏','202cb962ac59075b964b07152d234b70',4,0,'1',0,0,1,'2018-04-16 12:49:29',1,'2018-04-02 09:49:29'),
(612,'wzw-000471','王攀','202cb962ac59075b964b07152d234b70',4,0,'1',0,0,1,'2018-04-16 12:49:29',1,'2018-04-02 09:49:29'),
(613,'wzw-000485','王小燕','202cb962ac59075b964b07152d234b70',4,0,'1',0,0,1,'2018-04-16 12:49:29',1,'2018-04-02 09:49:29'),
(614,'WZW-000486','陈少梅','202cb962ac59075b964b07152d234b70',4,0,'1',0,0,1,'2018-04-16 12:49:29',1,'2018-04-02 09:49:29'),
(615,'sxs-00060','林俊杰','202cb962ac59075b964b07152d234b70',4,0,'1',0,0,1,'2018-04-16 12:49:29',1,'2018-04-02 09:49:29'),
(616,'WZW-000497','杨裕斌','202cb962ac59075b964b07152d234b70',57,0,'1',0,0,1,'2018-04-18 11:28:00',1,'2018-04-02 09:49:29'),
(617,'WZW-000502','林俊杰','202cb962ac59075b964b07152d234b70',4,0,'1',0,0,1,'2018-04-16 12:49:29',1,'2018-04-02 09:49:29'),
(618,'WZW-000503','吴小宇','202cb962ac59075b964b07152d234b70',4,0,'1',0,0,1,'2018-04-16 12:49:29',1,'2018-04-02 09:49:29'),
(619,'WZW-000504','林同相','202cb962ac59075b964b07152d234b70',4,0,'1',0,0,1,'2018-04-16 12:49:29',1,'2018-04-02 09:49:29'),
(620,'WZW-000506','林青祥','202cb962ac59075b964b07152d234b70',4,0,'1',0,1,1,'2018-04-18 11:35:03',1,'2018-04-02 09:49:29'),
(621,'WZW-000507','陈志毅','202cb962ac59075b964b07152d234b70',4,0,'1',0,0,1,'2018-04-16 12:49:29',1,'2018-04-02 09:49:29'),
(622,'WZW-000508','黄婷婷','202cb962ac59075b964b07152d234b70',4,0,'1',0,0,1,'2018-04-16 12:49:29',1,'2018-04-02 09:49:29'),
(623,'WZW-000509','林钰敏','202cb962ac59075b964b07152d234b70',4,0,'1',0,0,1,'2018-04-16 12:49:29',1,'2018-04-02 09:49:29'),
(624,'WZW-000510','李璟祎','202cb962ac59075b964b07152d234b70',4,0,'1',0,0,1,'2018-04-16 12:49:29',1,'2018-04-02 09:49:29'),
(625,'WZW-000511','王建忠','202cb962ac59075b964b07152d234b70',4,0,'1',0,0,1,'2018-04-16 12:49:29',1,'2018-04-02 09:49:29'),
(626,'wzwgh','网中网工会','202cb962ac59075b964b07152d234b70',4,0,'1',0,0,1,'2018-04-16 12:49:29',1,'2018-04-02 09:49:29'),
(627,'sxs-00061','梁寓杰','202cb962ac59075b964b07152d234b70',4,0,'1',0,0,1,'2018-04-16 12:49:29',1,'2018-04-02 09:49:29'),
(628,'WZW-000514','刘细鸿','202cb962ac59075b964b07152d234b70',4,0,'1',0,0,1,'2018-04-16 12:49:29',1,'2018-04-02 09:49:29'),
(629,'WZW-000515','薛艺斌','202cb962ac59075b964b07152d234b70',4,0,'1',0,0,1,'2018-04-16 12:49:29',1,'2018-04-02 09:49:29'),
(630,'WZW-000042-1','赵静','202cb962ac59075b964b07152d234b70',5,1,'1',0,0,1,'2018-04-18 11:38:53',1,'2018-04-02 09:49:29'),
(631,'WZW-000519','靳洪维','202cb962ac59075b964b07152d234b70',4,0,'1',0,0,1,'2018-04-16 12:49:29',1,'2018-04-02 09:49:29'),
(632,'WZW-000520','周峰','202cb962ac59075b964b07152d234b70',4,0,'1',0,0,1,'2018-04-16 12:49:29',1,'2018-04-02 09:49:29'),
(633,'WZW-000521','李文栋','202cb962ac59075b964b07152d234b70',4,0,'1',0,0,1,'2018-04-16 12:49:29',1,'2018-04-02 09:49:29'),
(634,'WZW-000526','李骏','202cb962ac59075b964b07152d234b70',4,0,'1',0,0,1,'2018-04-16 12:49:29',1,'2018-04-02 09:49:29'),
(635,'WZW-000529','陈志伟','202cb962ac59075b964b07152d234b70',4,0,'1',0,0,1,'2018-04-16 12:49:29',1,'2018-04-02 09:49:29'),
(636,'WZW-000530','欧子剑','202cb962ac59075b964b07152d234b70',57,0,'1',0,0,1,'2018-04-18 11:26:47',1,'2018-04-02 09:49:30'),
(637,'WZW-000532','李嘉颖','202cb962ac59075b964b07152d234b70',4,0,'1',0,0,1,'2018-04-16 12:49:29',1,'2018-04-02 09:49:30'),
(638,'WZW-000538','梁寓杰','202cb962ac59075b964b07152d234b70',4,0,'1',0,0,1,'2018-04-16 12:49:29',1,'2018-04-02 09:49:30'),
(639,'WZW-000539','范文君','202cb962ac59075b964b07152d234b70',4,0,'1',0,0,1,'2018-04-16 12:49:29',1,'2018-04-02 09:49:30'),
(640,'WZW-000540','林青祥','202cb962ac59075b964b07152d234b70',8,0,'1',0,0,1,'2018-04-18 11:35:33',1,'2018-04-02 09:49:30'),
(641,'zhanglikang','张立康','202cb962ac59075b964b07152d234b70',4,0,'1',0,0,1,'2018-04-16 12:49:29',1,'2018-04-02 09:49:30'),
(642,'WZW-000543','王俊','202cb962ac59075b964b07152d234b70',4,0,'1',0,0,1,'2018-04-16 12:49:29',1,'2018-04-02 09:49:30'),
(643,'WZW-000544','胡国峰','202cb962ac59075b964b07152d234b70',4,0,'1',0,0,1,'2018-04-16 12:49:29',1,'2018-04-02 09:49:30'),
(644,'WZW-000547','易安妮','202cb962ac59075b964b07152d234b70',4,0,'1',0,0,1,'2018-04-16 12:49:29',1,'2018-04-02 09:49:30'),
(645,'WZW-000550','戴斌斌','202cb962ac59075b964b07152d234b70',4,0,'1',0,0,1,'2018-04-16 12:49:29',1,'2018-04-02 09:49:30'),
(646,'WZW-000551','项日安','202cb962ac59075b964b07152d234b70',4,0,'1',0,0,1,'2018-04-16 12:49:29',1,'2018-04-02 09:49:30'),
(647,'WZW-000602','杜晓岚','202cb962ac59075b964b07152d234b70',4,0,'1',0,0,1,'2018-04-16 12:49:29',1,'2018-04-02 09:49:30'),
(648,'WZW-000603','林秋胜','202cb962ac59075b964b07152d234b70',57,0,'1',0,0,1,'2018-04-18 11:26:29',1,'2018-04-02 09:49:30'),
(649,'sxs-00040','林捷','202cb962ac59075b964b07152d234b70',4,0,'1',0,0,1,'2018-04-16 12:49:29',1,'2018-04-02 09:49:30'),
(650,'WZW--000383','阮茂芳','202cb962ac59075b964b07152d234b70',4,0,'1',0,0,1,'2018-04-16 12:49:29',1,'2018-04-02 09:49:30'),
(651,'WZW-000384','吴丽君','202cb962ac59075b964b07152d234b70',46,1,'1,2',0,0,1,'2018-04-18 11:11:57',1,'2018-04-02 09:49:30'),
(652,'WZW-online','树洞Online','202cb962ac59075b964b07152d234b70',4,0,'1',0,0,1,'2018-04-16 12:49:29',1,'2018-04-02 09:49:30'),
(653,'WZW-000383','阮茂芳','202cb962ac59075b964b07152d234b70',4,0,'1',0,0,1,'2018-04-16 12:49:29',1,'2018-04-02 09:49:30'),
(654,'wzw-000420','曾盛','202cb962ac59075b964b07152d234b70',4,0,'1',0,0,1,'2018-04-16 12:49:29',1,'2018-04-02 09:49:30'),
(655,'WZW-000500','吴玉国','202cb962ac59075b964b07152d234b70',4,0,'1',0,0,1,'2018-04-16 12:49:29',1,'2018-04-02 09:49:30'),
(656,'WZW-000536','杨泽南','202cb962ac59075b964b07152d234b70',57,0,'1',0,0,1,'2018-04-18 11:28:12',1,'2018-04-02 09:49:30'),
(657,'WZW-000549','张志雄','202cb962ac59075b964b07152d234b70',4,0,'1',0,0,1,'2018-04-16 12:49:29',1,'2018-04-02 09:49:30'),
(658,'WZW-000558','高潇华','202cb962ac59075b964b07152d234b70',57,0,'1',0,0,1,'2018-04-18 11:25:58',1,'2018-04-02 09:49:30'),
(659,'WZW-000600','陈晓锋','202cb962ac59075b964b07152d234b70',4,0,'1',0,0,1,'2018-04-16 12:49:29',1,'2018-04-02 09:49:30'),
(660,'wzw-000417','赵媛','202cb962ac59075b964b07152d234b70',4,0,'1',0,0,1,'2018-04-16 12:49:29',1,'2018-04-02 09:49:30'),
(661,'wzw-000405','李跃庆','202cb962ac59075b964b07152d234b70',4,0,'1',0,0,1,'2018-04-16 12:49:29',1,'2018-04-02 09:49:30'),
(662,'wzw-000408','冯海龙','202cb962ac59075b964b07152d234b70',4,0,'1',0,0,1,'2018-04-16 12:49:29',1,'2018-04-02 09:49:30'),
(663,'wzw-000409','李立鑫','202cb962ac59075b964b07152d234b70',4,0,'1',0,0,1,'2018-04-16 12:49:29',1,'2018-04-02 09:49:30'),
(664,'wzw-000430','李佳娴','202cb962ac59075b964b07152d234b70',4,0,'1',0,0,1,'2018-04-16 12:49:29',1,'2018-04-02 09:49:30'),
(665,'WZW-000489','李诚','202cb962ac59075b964b07152d234b70',4,0,'1',0,0,1,'2018-04-16 12:49:29',1,'2018-04-02 09:49:30'),
(666,'WZW-000495','李明杰','202cb962ac59075b964b07152d234b70',4,0,'1',0,0,1,'2018-04-16 12:49:29',1,'2018-04-02 09:49:30'),
(667,'WZW-000554','胡灿龙','202cb962ac59075b964b07152d234b70',4,0,'1',0,0,1,'2018-04-16 12:49:29',1,'2018-04-02 09:49:30'),
(668,'WZW-000555','陈寿生','202cb962ac59075b964b07152d234b70',4,0,'1',0,0,1,'2018-04-16 12:49:29',1,'2018-04-02 09:49:30'),
(669,'WZW-000556','赵丽宇','202cb962ac59075b964b07152d234b70',4,0,'1',0,0,1,'2018-04-16 12:49:29',1,'2018-04-02 09:49:30'),
(670,'WZW-000557','孙侨林','202cb962ac59075b964b07152d234b70',4,0,'1',0,0,1,'2018-04-16 12:49:29',1,'2018-04-02 09:49:30'),
(671,'WZW-000491','林超鹏','202cb962ac59075b964b07152d234b70',4,0,'1',0,0,1,'2018-04-16 12:49:29',1,'2018-04-02 09:49:30'),
(672,'WZW-000545','张增辉','202cb962ac59075b964b07152d234b70',4,0,'1',0,0,1,'2018-04-16 12:49:29',1,'2018-04-02 09:49:30'),
(673,'sxs-00059','吴小宇','202cb962ac59075b964b07152d234b70',4,0,'1',0,0,1,'2018-04-16 12:49:29',1,'2018-04-02 09:49:30'),
(674,'WZW-000501','张诗贞','202cb962ac59075b964b07152d234b70',4,0,'1',0,0,1,'2018-04-16 12:49:29',1,'2018-04-02 09:49:30'),
(675,'WZW-000505','陈扬','202cb962ac59075b964b07152d234b70',4,0,'1',0,0,1,'2018-04-16 12:49:29',1,'2018-04-02 09:49:30'),
(676,'WZW-000512','叶信杰','202cb962ac59075b964b07152d234b70',4,0,'1',0,0,1,'2018-04-16 12:49:29',1,'2018-04-02 09:49:30'),
(677,'WZW-000513','齐心','202cb962ac59075b964b07152d234b70',4,0,'1',0,0,1,'2018-04-16 12:49:29',1,'2018-04-02 09:49:30'),
(678,'WZW-000525','董志龙','202cb962ac59075b964b07152d234b70',57,0,'1',0,0,1,'2018-04-18 11:25:05',1,'2018-04-02 09:49:30'),
(679,'WZW-000527','谢艳艳','202cb962ac59075b964b07152d234b70',4,0,'1',0,0,1,'2018-04-16 12:49:29',1,'2018-04-02 09:49:30'),
(680,'WZW-000528','俞燕波','202cb962ac59075b964b07152d234b70',4,0,'1',0,0,1,'2018-04-16 12:49:29',1,'2018-04-02 09:49:30'),
(681,'WZW-000531','彭璐','202cb962ac59075b964b07152d234b70',4,0,'1',0,0,1,'2018-04-16 12:49:29',1,'2018-04-02 09:49:30'),
(682,'WZW-000533','王旸婷','202cb962ac59075b964b07152d234b70',4,0,'1',0,0,1,'2018-04-16 12:49:29',1,'2018-04-02 09:49:30'),
(683,'WZW-000534','王永超','202cb962ac59075b964b07152d234b70',4,0,'1',0,0,1,'2018-04-16 12:49:29',1,'2018-04-02 09:49:30'),
(684,'WZW-000535','颜伟明','202cb962ac59075b964b07152d234b70',4,0,'1',0,0,1,'2018-04-16 12:49:29',1,'2018-04-02 09:49:30'),
(685,'WZW-000537','蔡明忠','202cb962ac59075b964b07152d234b70',4,0,'1',0,0,1,'2018-04-16 12:49:29',1,'2018-04-02 09:49:30'),
(686,'WZW-000541','林月红','202cb962ac59075b964b07152d234b70',52,0,'1',0,0,1,'2018-04-18 10:38:25',1,'2018-04-02 09:49:30'),
(687,'WZW-000542','张奋志-1','202cb962ac59075b964b07152d234b70',4,0,'1',0,1,1,'2018-04-18 11:22:06',1,'2018-04-02 09:49:30'),
(688,'WZW-000546','廖益明','202cb962ac59075b964b07152d234b70',4,0,'1',0,0,1,'2018-04-16 12:49:29',1,'2018-04-02 09:49:30'),
(689,'WZW-000548','胡均','202cb962ac59075b964b07152d234b70',4,0,'1',0,0,1,'2018-04-16 12:49:29',1,'2018-04-02 09:49:30'),
(690,'WZW-000552','林耿东','202cb962ac59075b964b07152d234b70',4,0,'1',0,0,1,'2018-04-16 12:49:29',1,'2018-04-02 09:49:30'),
(691,'WZW-000553','张纬清','202cb962ac59075b964b07152d234b70',4,0,'1',0,0,1,'2018-04-16 12:49:29',1,'2018-04-02 09:49:30'),
(692,'WZW-000559','周杰','202cb962ac59075b964b07152d234b70',4,0,'1',0,0,1,'2018-04-16 12:49:29',1,'2018-04-02 09:49:30'),
(693,'WZW-000601','王瑞金','202cb962ac59075b964b07152d234b70',4,0,'1',0,0,1,'2018-04-16 12:49:29',1,'2018-04-02 09:49:30'),
(694,'WZW-000516','陈松海','202cb962ac59075b964b07152d234b70',4,0,'1',0,0,1,'2018-04-16 12:49:29',1,'2018-04-02 09:49:30'),
(695,'WZW-000517','陈鑫彬','202cb962ac59075b964b07152d234b70',58,1,'1,2',0,0,1,'2018-04-18 11:30:06',1,'2018-04-02 09:49:30'),
(696,'WZW-000518','肖美武','202cb962ac59075b964b07152d234b70',4,0,'1',0,0,1,'2018-04-16 12:49:29',1,'2018-04-02 09:49:30'),
(699,'WZW-000609','梁辉荣','202cb962ac59075b964b07152d234b70',17,0,'1',2,0,224,'2018-04-16 12:49:29',224,'2018-04-11 09:23:49'),
(700,'WZZ11111','测试','202cb962ac59075b964b07152d234b70',8,1,'1',1,0,224,'2018-04-16 12:49:29',224,'2018-04-16 09:50:40'),
(701,'WZW-000CWJ','陈文娟','202cb962ac59075b964b07152d234b70',47,1,'',0,0,1,'2018-04-18 10:44:16',1,'2018-04-18 10:44:16'),
(702,'WZW-000321-1','罗敦虹','202cb962ac59075b964b07152d234b70',60,1,'1',0,0,1,'2018-04-18 11:42:54',1,'2018-04-18 11:03:01'),
(703,'admin','管理','c4ca4238a0b923820dcc509a6f75849b',2,1,'1,2,3,4,5',1,0,224,'2018-04-23 13:45:49',224,'2018-04-23 13:45:49'),
(704,'admin1','管理2222','c4ca4238a0b923820dcc509a6f75849b',1,0,'',0,1,224,'2018-04-23 13:46:21',224,'2018-04-23 13:46:04');

/*Table structure for table `rou_ware` */

DROP TABLE IF EXISTS `rou_ware`;

CREATE TABLE `rou_ware` (
  `ware_id` int(11) unsigned NOT NULL AUTO_INCREMENT COMMENT '物品表id',
  `ware_name` varchar(64) NOT NULL DEFAULT '' COMMENT '物品名称',
  `ware_code` varchar(32) NOT NULL DEFAULT '' COMMENT '物品编码',
  `ware_item_id` int(11) unsigned NOT NULL DEFAULT '0' COMMENT '所属物品项目类别id',
  `ware_describe` varchar(128) NOT NULL DEFAULT '' COMMENT '物品描述',
  `ware_cost_price` int(10) unsigned NOT NULL DEFAULT '0' COMMENT '成本价(分)',
  `ware_sell_price` int(10) unsigned NOT NULL DEFAULT '0' COMMENT '销售价（分）',
  `num` int(10) unsigned NOT NULL DEFAULT '0' COMMENT '库存数量',
  `unit` varchar(8) NOT NULL DEFAULT '' COMMENT '单位',
  `distance_num` int(10) unsigned NOT NULL DEFAULT '0' COMMENT '距离数量（提醒）',
  `distance_time` date NOT NULL DEFAULT '0000-00-00' COMMENT '距离日期（提醒）',
  `expiration_time` date NOT NULL DEFAULT '0000-00-00' COMMENT '到期日期',
  `del` tinyint(4) NOT NULL DEFAULT '0' COMMENT '是否删除',
  `modifier_id` int(11) unsigned NOT NULL DEFAULT '0' COMMENT '修改人id',
  `modify_time` timestamp NOT NULL DEFAULT CURRENT_TIMESTAMP ON UPDATE CURRENT_TIMESTAMP COMMENT '修改日期',
  `creator_id` int(11) unsigned NOT NULL DEFAULT '0' COMMENT '创建者id',
  `create_time` timestamp NOT NULL DEFAULT CURRENT_TIMESTAMP COMMENT '创建时间',
  PRIMARY KEY (`ware_id`),
  UNIQUE KEY `uk_ware_code` (`ware_code`) USING BTREE,
  UNIQUE KEY `uk_ware_name` (`ware_name`),
  KEY `ix_ware_item_id` (`ware_item_id`) USING BTREE
) ENGINE=InnoDB AUTO_INCREMENT=17 DEFAULT CHARSET=utf8 COMMENT='物品明细表';

/*Data for the table `rou_ware` */

insert  into `rou_ware`(`ware_id`,`ware_name`,`ware_code`,`ware_item_id`,`ware_describe`,`ware_cost_price`,`ware_sell_price`,`num`,`unit`,`distance_num`,`distance_time`,`expiration_time`,`del`,`modifier_id`,`modify_time`,`creator_id`,`create_time`) values 
(1,'笔记本','NOTE',1,'写的',122,211,72,'本',97,'2018-04-24','2018-08-28',0,224,'2018-04-23 09:47:37',1,'2018-04-01 12:36:47'),
(2,'高档白酒（茅台）','MAOTAI',3,'送客户',100011,150022,18,'瓶',9,'2018-04-13','2018-04-11',0,224,'2018-04-12 09:33:08',0,'2018-04-04 09:09:06'),
(3,'铁观音','GREENTEA',2,'送客户的上好佳品',2000,3000,1318,'包',100,'2018-04-12','2018-04-16',0,1,'2018-04-12 09:32:59',0,'2018-04-08 10:57:58'),
(4,'黑水笔','BLACKPEN',1,'0.5',100,200,209,'支',99,'2018-12-21','2018-12-22',0,1,'2018-04-10 11:28:59',0,'2018-04-08 16:56:54'),
(5,'高档白酒（五粮液）','WULIANGYE',3,'送客户高档品',150099,299899,8,'瓶',9,'2018-04-13','2018-04-15',0,224,'2018-04-12 09:32:40',0,'2018-04-09 10:08:52'),
(6,'特殊物品','SPECIALTHING',4,'各种特殊物品',45000,45000,8,'个',0,'2050-10-10','2050-12-20',0,224,'2018-04-10 11:05:38',0,'2018-04-10 11:04:02'),
(7,'卷纸','CIRCLEPAPER',5,'厕所专用',220,310,90,'卷',30,'2050-10-10','2050-12-20',0,1,'2018-04-17 17:27:39',0,'2018-04-11 09:29:15'),
(8,'123','DASCZ',2,'as ',110,222,0,'阿萨德',20,'2050-10-10','2050-12-20',1,1,'2018-04-17 16:24:34',0,'2018-04-16 10:09:12'),
(9,'笔记本2','NOTE1',1,'',300,300,0,'本',2,'2050-10-10','2050-12-20',1,1,'2018-04-17 16:53:59',0,'2018-04-17 16:38:56'),
(16,'笔记本3456','NOTE22',1,'',2300,200,0,'包',23,'2050-10-10','2050-12-20',1,1,'2018-04-17 17:27:18',0,'2018-04-17 16:54:42');

/*Table structure for table `rou_ware_item` */

DROP TABLE IF EXISTS `rou_ware_item`;

CREATE TABLE `rou_ware_item` (
  `item_id` int(10) unsigned NOT NULL AUTO_INCREMENT COMMENT '物品类别表id',
  `item_name` varchar(64) NOT NULL DEFAULT '' COMMENT '物品类别名称',
  `item_code` varchar(32) NOT NULL DEFAULT '' COMMENT '物品类别编码',
  `mark` varchar(200) DEFAULT '' COMMENT '备注',
  `del` tinyint(4) NOT NULL DEFAULT '0' COMMENT '是否删除',
  `modifier_id` int(11) unsigned NOT NULL DEFAULT '0' COMMENT '修改者id',
  `modify_time` timestamp NOT NULL DEFAULT CURRENT_TIMESTAMP ON UPDATE CURRENT_TIMESTAMP COMMENT '修改时间',
  `creator_id` int(11) unsigned NOT NULL DEFAULT '0' COMMENT '创建者id',
  `create_time` timestamp NOT NULL DEFAULT CURRENT_TIMESTAMP COMMENT '创建时间',
  PRIMARY KEY (`item_id`),
  UNIQUE KEY `uk_item_code` (`item_code`) USING BTREE,
  UNIQUE KEY `uk_item_name` (`item_name`)
) ENGINE=InnoDB AUTO_INCREMENT=7 DEFAULT CHARSET=utf8 COMMENT='物品项目（类别）表';

/*Data for the table `rou_ware_item` */

insert  into `rou_ware_item`(`item_id`,`item_name`,`item_code`,`mark`,`del`,`modifier_id`,`modify_time`,`creator_id`,`create_time`) values 
(1,'办公用品','OFFICE','备注',0,1,'2018-04-09 16:25:52',1,'2018-04-01 12:38:37'),
(2,'礼品','PRESENT','普通员工可领',0,1,'2018-04-09 16:26:04',1,'2018-04-04 09:05:15'),
(3,'高档礼品','HIGHPRESENT','特殊员工专属',0,1,'2018-04-09 16:26:09',1,'2018-04-08 09:13:46'),
(4,'特殊指定物品','SPECIAL','管理员用于入库特殊物品（不属于任何类别）',0,1,'2018-04-09 16:26:21',1,'2018-04-09 14:39:26'),
(5,'公共物品','PUBLIC','公司公共物品',0,224,'2018-04-11 09:28:00',224,'2018-04-11 09:28:00'),
(6,'测试啊','ASAA','不错类',1,224,'2018-04-16 13:21:51',224,'2018-04-16 11:48:27');

/*!40101 SET SQL_MODE=@OLD_SQL_MODE */;
/*!40014 SET FOREIGN_KEY_CHECKS=@OLD_FOREIGN_KEY_CHECKS */;
/*!40014 SET UNIQUE_CHECKS=@OLD_UNIQUE_CHECKS */;
/*!40111 SET SQL_NOTES=@OLD_SQL_NOTES */;
